,Position,Mutation Type,Sequence Change,Gene,Function,Product,GO Process,GO Component,Protein change,TOL NaCl A1 F82 I1 R1,TOL NaCl A2 F82 I1 R1,TOL NaCl A3 F82 I1 R1,TOL NaCl A4 F82 I1 R1,TOL NaCl A5 F82 I1 R1,TOL NaCl A6 F85 I1 R1,TOL NaCl A6 F66 I1 R1
0,"1,270,179",DUP,398 bp x2.7,ldrC,,,,,Duplication,,1.0,,,,,
1,"1,270,181",DUP,651 bp x2.5,"ldrC, [chaA]",,,,,Duplication,,,,1.0,,,
2,"1,363,803",DUP,"4,524 bp x3.1","[puuC], puuB, puuE, pspF, [pspA]",,,,,Duplication,,,,,,,1.0
3,"1,529,218",SNP,C→T,"yncH, ydcD",,DUF5445 domain-containing protein YncH/uncharacterized protein YdcD,,,intergenic (+2066/‑704),1.0,0.0,1.0,0.0,1.0,1.0,
4,"160,115",DUP,605 bp x2.6,dksA,,,,,Duplication,1.0,,,,,,
5,"1,642,200",MOB,IS5 (+) +4 bp,ynfS,,Qin prophage; protein YnfS,,,coding (79‑82/90 nt),0.0,0.0,0.0,0.0,1.0,0.0,
6,"1,861,645",DUP,340 bp x2.2,yeaC,,,,,Duplication,,,,1.0,,,
7,"1,906,561",DUP,"1,154 bp x2.3","[rlmA], cspC, yobF",,,,,Duplication,,,,1.0,,,
8,"1,906,712",DUP,"1,043 bp x2.3","[rlmA], cspC, yobF",,,,,Duplication,,1.0,,,,,
9,"1,907,482",MOB,IS1 (+) +8 bp,yobF,,DUF2527 domain-containing protein YobF,,,coding (103‑110/144 nt),0.0,0.0,1.0,0.0,0.0,0.0,
10,"1,907,626",MOB,IS5 (–) +4 bp,"yobF, yebO",,DUF2527 domain-containing protein YobF/uncharacterized protein YebO,,,intergenic (‑35/+632),0.0,1.0,0.0,1.0,0.0,0.0,
11,"1,923,580",DUP,"1,813 bp x2.3","[yebY], yebZ, yobA, holE",,,,,Duplication,,1.0,,,,,
12,"1,925,081",DUP,312 bp x2.3,holE,,,,,Duplication,1.0,,,,,,
13,"1,925,086",DUP,307 bp x2.4,holE,,,,,Duplication,,,,,1.0,,
14,"2,227,218",SNP,C→T,yohF,,putative oxidoreductase YohF,,,C18Y (TGC→TAC),0.0,1.0,0.0,0.0,0.0,0.0,
15,"2,298,772",DUP,"7,251 bp x3.5","[napH], napG, napA, napD, napF, yojO, eco, [mqo]",,,,,Duplication,,,,,,,1.0
16,"2,301,776",DUP,"2,721 bp x1.9","[napA], napD, napF, yojO, eco",,,,,Duplication,,,,1.0,,,
17,"2,301,828",DUP,"1,607 bp x2.0","[napA], napD, [napF]",,,,,Duplication,,,1.0,,,,
18,"2,562,251",SNP,G→A,yffO,,CPZ-55 prophage; uncharacterized protein YffO,,,L47L (TTG→TTA),0.0,0.0,1.0,0.0,0.0,0.0,
19,"2,563,390",SNP,T→G,"yffP, yffQ",,CPZ-55 prophage; uncharacterized protein YffP/CPZ-55 prophage; uncharacterized protein YffQ,,,intergenic (+273/‑202),0.0,0.0,1.0,0.0,0.0,0.0,
20,"273,958",DUP,"19,692 bp x6.3","[ykfC], insH1, mmuP, mmuM, afuC, insB2, insA2, yagB, yagA, yagE, yagF, yagG, yagH, xynR, argF, argL, ykgS, insB3, insA3, yagJ, yagK, [yagL]",,,,,Duplication,,,,,,,1.0
21,"2,768,514",DUP,"1,055 bp x2.2","[yfjP], yfjQ",,,,,Duplication,1.0,,,,,,
22,"2,768,632",DUP,937 bp x2.1,yfjQ,,,,,Duplication,,,1.0,,,,
23,"2,786,034",DUP,"9,651 bp x3.1","glaH, lhgD, gabD, gabT, gabP, [glaR]",,,,,Duplication,,,,,,,1.0
24,"278,941",DUP,"13,010 bp x3.5","insB2, insA2, yagB, yagA, yagE, yagF, yagG, yagH, xynR, argF, argL, ykgS, insB3, insA3, [yagJ]",,,,,Duplication,,,,1.0,,,
25,"278,942",DUP,"14,335 bp x3.3","insB2, insA2, yagB, yagA, yagE, yagF, yagG, yagH, xynR, argF, argL, ykgS, insB3, insA3, yagJ, yagK, [yagL]",,,,,Duplication,,,1.0,,,,
26,"2,801,828",DEL,"Δ10,193 bp","[nrdE],nrdF,proV,proW,proX,ygaZ,ygaH,mprA,[emrA]",,"[nrdE],nrdF,proV,proW,proX,ygaZ,ygaH,mprA,[emrA]",,,,0.0,0.0,0.0,0.0,1.0,0.0,
27,"2,804,741",DEL,"Δ6,333 bp","proV,proW,proX,ygaZ,ygaH,[mprA]",,"proV,proW,proX,ygaZ,ygaH,[mprA]",,,,1.0,0.0,0.0,0.0,0.0,0.0,
28,"2,804,864",DEL,Δ13 bp,proV,,glycine betaine ABC transporter ATP binding subunit ProV,,,coding (50‑62/1203 nt),0.0,0.0,0.0,1.0,0.0,0.0,
29,"2,823,509",DUP,939 bp x2.5,"[recA], pncC",,,,,Duplication,,,,,1.0,,
30,"295,008",DUP,"7,497 bp x3.0","[ykgV], yagN, intF, yagP, paoD, paoC, paoB, [paoA]",,,,,Duplication,,,,,,,1.0
31,"297,364",DUP,"1,229 bp x2.1","yagP, [paoD]",,,,,Duplication,,,1.0,,,,
32,"3,089,704",DUP,562 bp x2.0,yggI,,,,,Duplication,,,,1.0,,,
33,"3,191,566",DUP,395 bp x2.2,"[yqiI], glgS",,,,,Duplication,1.0,,,,,,
34,"3,239,136",DUP,"2,447 bp x2.3","[alx], sstT, [ygjV]",,,,,Duplication,,,,,1.0,,
35,"325,068",DUP,"2,241 bp x1.9","[ykgH], betA, [betB]",,,,,Duplication,,,,,,,1.0
36,"3,502,354",DUP,"6,998 bp x2.7","[frlC], frlD, frlR, yhfS, yhfT, yhfU, php, [yhfW]",,,,,Duplication,,,,,,,1.0
37,"358,953",DUP,"2,046 bp x2.2","[cynT], cynS, [cynX]",,,,,Duplication,1.0,,,,,,
38,"3,815,810",SNP,G→T,"pyrE, rph",,orotate phosphoribosyltransferase/truncated RNase PH,,,intergenic (‑42/+53),1.0,0.0,0.0,0.0,0.0,0.0,
39,"3,815,859",DEL,Δ82 bp,[rph],,[rph],,,,0.0,1.0,1.0,1.0,1.0,1.0,
40,"3,847,795",DUP,"5,984 bp x2.3","[uhpC], uhpB, uhpA, ilvN, ilvB, ivbL, tisB, [ysdE]",,,,,Duplication,,,,,,,1.0
41,"3,925,987",DUP,479 bp x2.0,mioC,,,,,Duplication,,1.0,,,,,
42,"3,968,971",DEL,Δ1 bp,rfe,,UDP-N-acetylglucosamine--undecaprenyl-phosphate N-acetylglucosaminephosphotransferase,,,coding (1056/1104 nt),0.0,0.0,1.0,0.0,0.0,0.0,
43,"4,023,965",DUP,"8,462 bp x3.0","[tatD], rfaH, ubiD, fre, fadA, fadB, [pepQ]",,,,,Duplication,,,,,,,1.0
44,"4,026,447",DUP,"2,493 bp x1.8","[ubiD], fre, fadA, [fadB]",,,,,Duplication,,,1.0,,,,
45,"4,027,125",DUP,"1,848 bp x1.8","[fre], fadA, [fadB]",,,,,Duplication,,,,1.0,,,
46,"4,037,265",SNP,T→C,alaT,,tRNA-Ala,,,noncoding (6/76 nt),0.0,0.0,0.0,0.0,1.0,0.0,
47,"4,037,291",SNP,T→C,alaT,,tRNA-Ala,,,noncoding (32/76 nt),0.0,0.0,0.0,0.0,1.0,0.0,
48,"4,037,308",SNP,T→A,alaT,,tRNA-Ala,,,noncoding (49/76 nt),0.0,0.0,0.0,0.0,1.0,0.0,
49,"4,037,324",SNP,A→T,alaT,,tRNA-Ala,,,noncoding (65/76 nt),0.0,0.0,0.0,0.0,1.0,0.0,
50,"4,037,326",SNP,A→G,alaT,,tRNA-Ala,,,noncoding (67/76 nt),0.0,0.0,0.0,0.0,1.0,0.0,
51,"4,085,931",DUP,"1,693 bp x2.5","fdhD, [yiiG]",,,,,Duplication,,,,,1.0,,
52,"4,181,833",SNP,C→G,rpoB,,RNA polymerase subunit beta,,,R197G (CGT→GGT),0.0,0.0,1.0,0.0,0.0,0.0,
53,"4,181,843",SNP,G→C,rpoB,,RNA polymerase subunit beta,,,R200P (CGT→CCT),0.0,0.0,0.0,0.0,0.0,1.0,
54,"4,181,848",SNP,C→T,rpoB,,RNA polymerase subunit beta,,,R202C (CGT→TGT),0.0,1.0,0.0,1.0,0.0,0.0,
55,"4,181,849",SNP,G→T,rpoB,,RNA polymerase subunit beta,,,R202L (CGT→CTT),0.0,0.0,0.0,0.0,1.0,0.0,
56,"4,288,569",DUP,"2,940 bp x2.1","[nrfA], nrfB, nrfC, nrfD",,,,,Duplication,,,,,,,1.0
57,"4,312,005",DUP,"7,306 bp x3.4","[alsB], alsR, rpiB, yjdP, phnP, phnO, phnN, phnM, phnL, phnK, [phnJ]",,,,,Duplication,,,,,,,1.0
58,"4,313,586",DUP,"1,975 bp x2.2","[rpiB], yjdP, phnP, phnO, [phnN]",,,,,Duplication,,,,1.0,,,
59,"4,313,830",DUP,"1,411 bp x2.1","yjdP, phnP, [phnO]",,,,,Duplication,,,1.0,,,,
60,"4,331,218",DUP,"1,294 bp x1.9","[proP], pmrR, [basS]",,,,,Duplication,,1.0,,,,,
61,"4,509,739",INS,+T,insO,,KpLE2 phage-like element; IS911B regulator fragment,,,pseudogene (261/315 nt),0.0,0.0,0.0,0.0,0.0,1.0,
62,"4,530,186",DUP,700 bp x2.4,"[sgcC], sgcB, [sgcX]",,,,,Duplication,,,,,1.0,,
63,"4,530,230",DUP,"1,210 bp x2.2","[sgcC], sgcB, [sgcX]",,,,,Duplication,,,1.0,,,,
64,"472,469",DUP,"1,043 bp x2.3","glnK, [amtB]",,,,,Duplication,,,,1.0,,,
65,"472,469",DUP,"1,043 bp x2.4","glnK, [amtB]",,,,,Duplication,,1.0,,,,,
66,"472,469",DUP,873 bp x2.5,"glnK, [amtB]",,,,,Duplication,,,,,1.0,,
67,"472,469",DUP,830 bp x2.2,"glnK, [amtB]",,,,,Duplication,,,1.0,,,,
68,"537,971",SNP,A→T,ybbW,,putative allantoin transporter,,,G113G (GGA→GGT),0.0,0.0,1.0,0.0,0.0,0.0,
69,"669,634",DUP,"2,458 bp x2.0","[cobC], nadD, holA, [lptE]",,,,,Duplication,,,1.0,,,,
70,"669,665",DUP,"2,427 bp x2.1","[cobC], nadD, holA, [lptE]",,,,,Duplication,,,,,1.0,,
71,"669,733",DUP,"2,359 bp x2.1","[cobC], nadD, holA, [lptE]",,,,,Duplication,,1.0,,,,,
72,"669,735",DUP,"2,357 bp x2.1","[cobC], nadD, holA, [lptE]",,,,,Duplication,,,,1.0,,,
73,"670,248",DUP,"1,844 bp x2.0","[nadD], holA, [lptE]",,,,,Duplication,1.0,,,,,,
74,"700,516",MOB,IS5 (+) +4 bp,nagC,,DNA-binding transcriptional dual regulator NagC,,,coding (1076‑1079/1221 nt),1.0,0.0,0.0,0.0,0.0,0.0,
75,"700,588",DEL,(T)6→5,nagC,,DNA-binding transcriptional dual regulator NagC,,,coding (1007/1221 nt),0.0,1.0,0.0,0.0,0.0,0.0,
76,"701,380",SNP,C→T,nagC,,DNA-binding transcriptional dual regulator NagC,,,G72E (GGG→GAG),0.0,0.0,0.0,0.0,1.0,0.0,
77,"702,331",DEL,Δ1 bp,nagA,,N-acetylglucosamine-6-phosphate deacetylase,,,coding (421/1149 nt),0.0,0.0,0.0,1.0,0.0,0.0,
78,"773,947",DUP,405 bp x2.1,"[cydB], cydX, [ybgE]",,,,,Duplication,,1.0,,,,,
79,"939,935",SNP,G→A,serS,,serine--tRNA ligase,,,A170T (GCT→ACT),0.0,0.0,1.0,0.0,0.0,0.0,
