,strain,compound,slope,replicate
0,proV_argG,putrescine,0.0988733282358037,proV_argG-1
1,proV,putrescine,0.1022160990748548,proV-2
2,proV_rpsG1_spoT,putrescine,0.0713377322554191,proV_rpsG1_spoT-3
4,proV_spoT,putrescine,0.0,proV_spoT-1
6,proV_mreB,putrescine,0.2728465083336885,proV_mreB-1
8,proV_spoT,putrescine,0.0,proV_spoT-3
11,proV_rpsG1,putrescine,0.2031249151030615,proV_rpsG1-2
12,proV,putrescine,0.0804828417031207,proV-1
13,proV_rpsG1_argG,putrescine,0.2530901892156482,proV_rpsG1_argG-3
14,proV_ygaC_edd/zwf,putrescine,0.2529493517168277,proV_ygaC_edd/zwf-2
15,proV_ygaC,putrescine,0.227185109338338,proV_ygaC-3
16,proV_edd/zwf,putrescine,0.0840272490184473,proV_edd/zwf-2
17,rpsG1,putrescine,0.215598522356608,rpsG1-1
18,proV_rpsG1_spoT,putrescine,0.1143419183021868,proV_rpsG1_spoT-2
19,proV_spoT,putrescine,0.0,proV_spoT-2
20,proV_rpsG1_mreB,putrescine,0.2641122223874547,proV_rpsG1_mreB-2
21,proV,putrescine,0.2457825597561399,proV-3
22,proV_mreB,putrescine,0.2777815493367447,proV_mreB-2
23,proV_ygaC_edd/zwf,putrescine,0.2905645499763098,proV_ygaC_edd/zwf-3
24,MG1655,putrescine,0.0,MG1655-2
25,rpsG1,putrescine,0.2393371890725656,rpsG1-2
26,proV_argG,putrescine,0.1612818001151056,proV_argG-2
27,proV_rpsG1,putrescine,0.1609630818528983,proV_rpsG1-3
28,proV_edd/zwf,putrescine,0.0806665563898695,proV_edd/zwf-3
29,proV_ygaC,putrescine,0.2481225724652113,proV_ygaC-2
31,rpsG1,putrescine,0.2346219222654758,rpsG1-3
32,proV_rpsG1,putrescine,0.1829782448388857,proV_rpsG1-1
33,proV_argG,putrescine,0.1105341611697434,proV_argG-3
34,proV_edd/zwf,putrescine,0.1151194333321734,proV_edd/zwf-1
35,proV_rpsG1_argG,putrescine,0.2574964877265617,proV_rpsG1_argG-1
36,proV_rpsG1_spoT,putrescine,0.0957761677291204,proV_rpsG1_spoT-1
37,proV_rpsG1_mreB,putrescine,0.2654505298002713,proV_rpsG1_mreB-1
38,proV_mreB,putrescine,0.2605762173396249,proV_mreB-3
39,proV_rpsG1_argG,putrescine,0.2625852261814193,proV_rpsG1_argG-2
40,proV_rpsG1_mreB,putrescine,0.2708515814098318,proV_rpsG1_mreB-3
41,MG1655,putrescine,0.0782715032157577,MG1655-3
42,MG1655,putrescine,0.0,MG1655-1
43,proV_ygaC,putrescine,0.2546854026358922,proV_ygaC-1
44,proV_ygaC_edd/zwf,putrescine,0.223475279899685,proV_ygaC_edd/zwf-1
46,bioAB,hexanoate,0.2600375401250656,bioAB-3
47,proQ,hexanoate,0.1744442126091431,proQ-2
49,mdtK_ompR,hexanoate,0.2895613385484715,mdtK_ompR-2
50,MG1655,hexanoate,0.2149041508227924,MG1655-2
51,proQ,hexanoate,0.2028114312266415,proQ-3
52,ompR,hexanoate,0.2354999157615357,ompR-1
54,mdtK,hexanoate,0.2494570528669777,mdtK-3
56,bioAB,hexanoate,0.2227734218676781,bioAB-1
57,ptrA,hexanoate,0.2531700035300775,ptrA-3
59,mdtK,hexanoate,0.2277030879592998,mdtK-2
61,ompR,hexanoate,0.2493097715992681,ompR-2
62,mdtK_proQ,hexanoate,0.2023041364819268,mdtK_proQ-2
63,ptrA,hexanoate,0.273315100231102,ptrA-2
64,mdtK_ptrA,hexanoate,0.2894250732002823,mdtK_ptrA-2
65,ptrA,hexanoate,0.2762788637718695,ptrA-1
66,bioAB,hexanoate,0.2507066028037681,bioAB-2
68,mdtK,hexanoate,0.2341061427234775,mdtK-1
69,mdtK_ptrA,hexanoate,0.2967642835799774,mdtK_ptrA-1
73,ompR,hexanoate,0.2565655027810086,ompR-3
74,proQ,hexanoate,0.1659782926588264,proQ-1
76,mdtK_proQ,hexanoate,0.2320528998454079,mdtK_proQ-3
77,mdtK_ompR,hexanoate,0.3269433476417357,mdtK_ompR-1
79,MG1655,hexanoate,0.2283260991218476,MG1655-3
80,mdtK_proQ,hexanoate,0.2513136960153568,mdtK_proQ-1
81,ompR_ptrA,hexanoate,0.2296944902247724,ompR_ptrA-2
82,MG1655,hexanoate,0.2023890224112841,MG1655-1
83,mdtK_ompR,hexanoate,0.3418931846390847,mdtK_ompR-3
84,mdtK_ptrA,hexanoate,0.2599944317585186,mdtK_ptrA-3
85,ompR_ptrA,hexanoate,0.2244995445082163,ompR_ptrA-3
86,ompR_ptrA,hexanoate,0.2432819798548213,ompR_ptrA-1
87,metJ_purT,"2,3-butanediol",0.1493190670518096,metJ_purT-1
88,relA,"2,3-butanediol",0.0,relA-1
89,relA,"2,3-butanediol",0.0,relA-3
90,metJ_acrB,"2,3-butanediol",0.1858696364361702,metJ_acrB-3
91,metJ_relA,"2,3-butanediol",0.0582395630797919,metJ_relA-2
92,purT,"2,3-butanediol",0.0,purT-1
93,metJ,"2,3-butanediol",0.1522153881630423,metJ-3
95,yfgF,"2,3-butanediol",0.0257269390024939,yfgF-3
97,relA_purT,"2,3-butanediol",0.0,relA_purT-2
98,yfgF,"2,3-butanediol",0.0,yfgF-1
99,metJ,"2,3-butanediol",0.136142310708833,metJ-2
102,fabR,"2,3-butanediol",0.0,fabR-1
103,metJ_relA,"2,3-butanediol",0.0597036349930489,metJ_relA-1
105,purT,"2,3-butanediol",0.0,purT-3
107,metJ_acrB,"2,3-butanediol",0.2060064956429085,metJ_acrB-2
108,metJ_purT,"2,3-butanediol",0.0330210689893967,metJ_purT-3
110,metJ_relA,"2,3-butanediol",0.033336369055984,metJ_relA-3
111,fabR,"2,3-butanediol",0.0,fabR-2
112,metJ_purT,"2,3-butanediol",0.1511730125940152,metJ_purT-2
113,relA_purT,"2,3-butanediol",0.0226654812001863,relA_purT-1
114,MG1655,"2,3-butanediol",0.0,MG1655-2
115,fabR_yfgF,"2,3-butanediol",0.0349023925596694,fabR_yfgF-3
116,metJ,"2,3-butanediol",0.1689507001237207,metJ-1
121,relA_purT,"2,3-butanediol",0.0493984661803207,relA_purT-3
122,fabR_yfgF,"2,3-butanediol",0.0,fabR_yfgF-2
123,yfgF,"2,3-butanediol",0.0749925354088602,yfgF-2
124,fabR,"2,3-butanediol",0.0,fabR-3
126,fabR_yfgF,"2,3-butanediol",0.0,fabR_yfgF-1
127,metJ_acrB,"2,3-butanediol",0.2096615161892011,metJ_acrB-1
128,relA,"2,3-butanediol",0.0,relA-2
129,MG1655,"2,3-butanediol",0.0,MG1655-3
130,MG1655,"2,3-butanediol",0.0,MG1655-1
131,purT,"2,3-butanediol",0.0,purT-2
132,sspA,"1,2-propanediol",0.5030630461423522,sspA-3
133,sspA,"1,2-propanediol",0.2851598718584377,sspA-1
134,sspA,"1,2-propanediol",0.2484822136048356,sspA-2
135,MG1655,"1,2-propanediol",0.1815852131329633,MG1655-3
136,MG1655,"1,2-propanediol",0.2953594260544004,MG1655-2
137,rph,"1,2-propanediol",0.0,rph-1
138,rph,"1,2-propanediol",0.4313497144051484,rph-3
139,MG1655,"1,2-propanediol",0.0,MG1655-1
140,rph,"1,2-propanediol",0.2441382916831183,rph-2
141,proV_ptsP_wbbK,putrescine,0.0725833108642746,proV_ptsP_wbbK-3
142,proV_yobF,putrescine,0.1589837164736554,proV_yobF-1
143,proV_ptsP,putrescine,0.087577384649195,proV_ptsP-1
145,proV_ptsP,putrescine,0.1142181765252568,proV_ptsP-2
147,yeaR,putrescine,0.0929090666954134,yeaR-1
149,proV_yobF,putrescine,0.1055543069407654,proV_yobF-2
151,proV_yobF,putrescine,0.0509066580832945,proV_yobF-3
154,proV_wbbK,putrescine,0.1020507419551666,proV_wbbK-1
155,proV_ptsP_wbbK,putrescine,0.0337068451090883,proV_ptsP_wbbK-2
156,yeaR,putrescine,0.0,yeaR-3
158,cspC,putrescine,0.1186067203863073,cspC-2
159,yeaR,putrescine,0.0587895357499184,yeaR-2
160,proV,putrescine,0.1110940397800706,proV-2
161,proV_nagC,putrescine,0.0333341606084817,proV_nagC-3
162,proV_ptsP,putrescine,0.0623328686810958,proV_ptsP-3
164,pstS,putrescine,0.0724098945593376,pstS-2
165,proV_wbbK,putrescine,0.101072028655141,proV_wbbK-2
166,proV,putrescine,0.1236899539778358,proV-3
168,cspC,putrescine,0.0952494684829276,cspC-3
169,proV_nagC,putrescine,0.1260290647583929,proV_nagC-1
170,MG1655,putrescine,0.1190389641991423,MG1655-2
171,pstS,putrescine,0.0741491300350906,pstS-1
173,cspC,putrescine,0.0959406792642403,cspC-1
174,proV_ptsP_wbbK,putrescine,0.294992580920552,proV_ptsP_wbbK-1
175,proV_cspC,putrescine,0.0589771947078876,proV_cspC-3
177,proV_cspC,putrescine,0.1778834990209424,proV_cspC-1
180,pstS,putrescine,0.0576993243960129,pstS-3
181,proV_cspC,putrescine,0.1249047020129369,proV_cspC-2
182,proV_wbbK,putrescine,0.1416406520379437,proV_wbbK-3
183,proV,putrescine,0.1451565545484712,proV-1
184,proV_nagC,putrescine,0.1237469346589766,proV_nagC-2
185,MG1655,putrescine,0.0905764968137934,MG1655-3
186,MG1655,putrescine,0.0467685793915861,MG1655-1
189,nusA_sspA_ybeX_mpl,HMDA,0.4525249461173821,nusA_sspA_ybeX_mpl-1
190,nusA_sspA,HMDA,0.3892888179127857,nusA_sspA-2
191,nusA_sspA_mpl,HMDA,0.3306803136488077,nusA_sspA_mpl-2
193,proV_ptsP,HMDA,0.213299842515182,proV_ptsP-2
194,rpsG1_mpl,HMDA,0.3027121587900217,rpsG1_mpl-3
196,proV_ptsP_mpl,HMDA,0.3022963851099494,proV_ptsP_mpl-1
197,rpsG1_ybeX_mpl,HMDA,0.3072691671141819,rpsG1_ybeX_mpl-3
198,ybeX,HMDA,0.1665862139159443,ybeX-3
199,proV_ptsP_mpl,HMDA,0.3082740053145563,proV_ptsP_mpl-2
200,nusA_sspA_ybeX_mpl,HMDA,0.3916513010372281,nusA_sspA_ybeX_mpl-2
201,nusA_sspA_ybeX,HMDA,0.2571485807712517,nusA_sspA_ybeX-3
202,nusA_sspA_mpl,HMDA,0.3207914660746977,nusA_sspA_mpl-3
203,mpl,HMDA,0.1423392373373799,mpl-1
204,nusA_sspA_mpl,HMDA,0.3711095021455161,nusA_sspA_mpl-1
205,nusA_sspA,HMDA,0.2654037975151952,nusA_sspA-3
206,rpsG1,HMDA,0.2523039168125143,rpsG1-1
207,proV_ptsP_ybeX_mpl,HMDA,0.3276239261894362,proV_ptsP_ybeX_mpl-3
208,nusA_sspA,HMDA,0.2971068564478167,nusA_sspA-1
209,rpsG1_ybeX,HMDA,0.2748827186627853,rpsG1_ybeX-1
210,ybeX,HMDA,0.1760448892369204,ybeX-2
211,nusA_sspA_ybeX,HMDA,0.3007436102608755,nusA_sspA_ybeX-1
212,proV_ptsP,HMDA,0.1204629183100716,proV_ptsP-1
213,MG1655,HMDA,0.1192210518226053,MG1655-2
214,ybeX,HMDA,0.169246526465291,ybeX-1
215,rpsG1,HMDA,0.2540185588952173,rpsG1-2
216,rpsG1_mpl,HMDA,0.2643054974776117,rpsG1_mpl-1
217,proV_ptsP_ybeX_mpl,HMDA,0.3407551557361148,proV_ptsP_ybeX_mpl-2
218,nusA_sspA_ybeX,HMDA,0.3181385931601129,nusA_sspA_ybeX-2
219,proV_ptsP_ybeX,HMDA,0.2570410142429833,proV_ptsP_ybeX-2
220,proV_ptsP_ybeX,HMDA,0.2071330031120411,proV_ptsP_ybeX-3
221,rpsG1,HMDA,0.2403170955981431,rpsG1-3
222,rpsG1_ybeX,HMDA,0.2905961419695391,rpsG1_ybeX-2
223,rpsG1_ybeX_mpl,HMDA,0.317587474375912,rpsG1_ybeX_mpl-2
224,proV_ptsP_ybeX_mpl,HMDA,0.3515938436717856,proV_ptsP_ybeX_mpl-1
225,proV_ptsP,HMDA,0.1581902205388827,proV_ptsP-3
227,rpsG1_ybeX_mpl,HMDA,0.319626032734061,rpsG1_ybeX_mpl-1
228,rpsG1_mpl,HMDA,0.2931756238202652,rpsG1_mpl-2
229,proV_ptsP_ybeX,HMDA,0.2639240926201895,proV_ptsP_ybeX-1
230,nusA_sspA_ybeX_mpl,HMDA,0.3850359495734186,nusA_sspA_ybeX_mpl-3
231,MG1655,HMDA,0.1021320277673599,MG1655-3
232,MG1655,HMDA,0.0533593034093737,MG1655-1
233,mpl,HMDA,0.1271669900394205,mpl-2
234,rpsG1_ybeX,HMDA,0.2735425951003257,rpsG1_ybeX-3
235,mpl,HMDA,0.1223525406934239,mpl-3
236,proV_ptsP_mpl,HMDA,0.3076463573809401,proV_ptsP_mpl-3
237,proV_cspC_mpl,HMDA,0.2567528005710874,proV_cspC_mpl-2
238,ygaC_ybeX_mpl,HMDA,0.3828227013649697,ygaC_ybeX_mpl-2
239,ygaC,HMDA,0.2618309081945938,ygaC-1
240,ygaC_ybeX,HMDA,0.3953152439714539,ygaC_ybeX-3
241,rpsG1_mreB,HMDA,0.3541299050778247,rpsG1_mreB-1
244,rpsG1_mreB_ybeX_mpl,HMDA,0.4190610707427225,rpsG1_mreB_ybeX_mpl-2
245,rpsG1_mreB,HMDA,0.3504897289732637,rpsG1_mreB-3
246,ygaC_mpl,HMDA,0.2642162967770082,ygaC_mpl-2
247,ygaC_ybeX,HMDA,0.3806411771690625,ygaC_ybeX-2
250,rpsG1_mreB_ybeX_mpl,HMDA,0.3909775750690475,rpsG1_mreB_ybeX_mpl-1
251,proV_cspC_mpl,HMDA,0.22719231710524,proV_cspC_mpl-3
252,proV_cspC_ybeX_mpl,HMDA,0.3686673224338337,proV_cspC_ybeX_mpl-1
254,rpsG1_mreB_ybeX,HMDA,0.4176028451941538,rpsG1_mreB_ybeX-2
255,ygaC_mpl,HMDA,0.2490866915607341,ygaC_mpl-1
256,ygaC_mpl,HMDA,0.2649298388393973,ygaC_mpl-3
257,ygaC_ybeX,HMDA,0.3955462919179574,ygaC_ybeX-1
258,proV_cspC_ybeX,HMDA,0.2996896521599704,proV_cspC_ybeX-2
259,rpsG1_mreB,HMDA,0.3588709280673173,rpsG1_mreB-2
260,ygaC,HMDA,0.2528815185847907,ygaC-2
261,MG1655,HMDA,0.1296655404697417,MG1655-2
262,proV_cspC_ybeX,HMDA,0.3037716313920371,proV_cspC_ybeX-1
263,proV_cspC_mpl,HMDA,0.2590277654284089,proV_cspC_mpl-1
264,rpsG1_mreB_mpl,HMDA,0.3240361292939442,rpsG1_mreB_mpl-1
265,proV_cspC,HMDA,0.0548660353504265,proV_cspC-3
266,rpsG1_mreB_mpl,HMDA,0.3075461909244274,rpsG1_mreB_mpl-3
267,ygaC_ybeX_mpl,HMDA,0.3010107304002511,ygaC_ybeX_mpl-3
268,rpsG1_mreB_ybeX,HMDA,0.4264812253580552,rpsG1_mreB_ybeX-3
269,proV_cspC_ybeX_mpl,HMDA,0.3511348589323341,proV_cspC_ybeX_mpl-2
270,proV_cspC_ybeX,HMDA,0.2265873059183281,proV_cspC_ybeX-3
271,rpsG1_mreB_mpl,HMDA,0.3242492295106746,rpsG1_mreB_mpl-2
272,ygaC_ybeX_mpl,HMDA,0.3845278183705379,ygaC_ybeX_mpl-1
273,rpsG1_mreB_ybeX_mpl,HMDA,0.4024914142600439,rpsG1_mreB_ybeX_mpl-3
274,proV_cspC,HMDA,0.1432572553036851,proV_cspC-2
275,rpsG1_mreB_ybeX,HMDA,0.4111086508284586,rpsG1_mreB_ybeX-1
276,proV_cspC_ybeX_mpl,HMDA,0.3353935310920408,proV_cspC_ybeX_mpl-3
277,proV_cspC,HMDA,0.207828521817824,proV_cspC-1
278,ygaC,HMDA,0.2536660721987988,ygaC-3
279,MG1655,HMDA,0.1509769705261399,MG1655-3
280,MG1655,HMDA,0.1500918246943511,MG1655-1
282,proV_cspC_mpl,putrescine,0.1893899722590039,proV_cspC_mpl-2
283,ygaC_ybeX_mpl,putrescine,0.1360876502258525,ygaC_ybeX_mpl-2
284,ygaC,putrescine,0.2051412289875731,ygaC-1
285,ygaC_ybeX,putrescine,0.1738766554850304,ygaC_ybeX-3
286,rpsG1_mreB,putrescine,0.2762379642284692,rpsG1_mreB-1
289,rpsG1_mreB_ybeX_mpl,putrescine,0.2349625536562318,rpsG1_mreB_ybeX_mpl-2
290,rpsG1_mreB,putrescine,0.2797897586729676,rpsG1_mreB-3
291,ygaC_mpl,putrescine,0.2294771298090198,ygaC_mpl-2
292,ygaC_ybeX,putrescine,0.1289236866864631,ygaC_ybeX-2
295,rpsG1_mreB_ybeX_mpl,putrescine,0.2523195648792019,rpsG1_mreB_ybeX_mpl-1
296,proV_cspC_mpl,putrescine,0.1765625494586049,proV_cspC_mpl-3
297,proV_cspC_ybeX_mpl,putrescine,0.1980696981634019,proV_cspC_ybeX_mpl-1
299,rpsG1_mreB_ybeX,putrescine,0.2631579287103381,rpsG1_mreB_ybeX-2
300,ygaC_mpl,putrescine,0.2116459086639241,ygaC_mpl-1
301,ygaC_mpl,putrescine,0.2303248510559915,ygaC_mpl-3
302,ygaC_ybeX,putrescine,0.1517514935378777,ygaC_ybeX-1
303,proV_cspC_ybeX,putrescine,0.1202346282864374,proV_cspC_ybeX-2
304,rpsG1_mreB,putrescine,0.2841660818657384,rpsG1_mreB-2
305,ygaC,putrescine,0.2351211150890341,ygaC-2
306,MG1655,putrescine,0.2633750570900574,MG1655-2
307,proV_cspC_ybeX,putrescine,0.1891139327774862,proV_cspC_ybeX-1
308,proV_cspC_mpl,putrescine,0.2095677423200068,proV_cspC_mpl-1
309,rpsG1_mreB_mpl,putrescine,0.2671949954705594,rpsG1_mreB_mpl-1
310,proV_cspC,putrescine,0.0,proV_cspC-3
311,rpsG1_mreB_mpl,putrescine,0.2776043772613324,rpsG1_mreB_mpl-3
312,ygaC_ybeX_mpl,putrescine,0.1275415363419676,ygaC_ybeX_mpl-3
313,rpsG1_mreB_ybeX,putrescine,0.2635071479283346,rpsG1_mreB_ybeX-3
314,proV_cspC_ybeX_mpl,putrescine,0.1935684925281513,proV_cspC_ybeX_mpl-2
315,proV_cspC_ybeX,putrescine,0.0919022891775536,proV_cspC_ybeX-3
316,rpsG1_mreB_mpl,putrescine,0.273190268594963,rpsG1_mreB_mpl-2
317,ygaC_ybeX_mpl,putrescine,0.1240868927438593,ygaC_ybeX_mpl-1
318,rpsG1_mreB_ybeX_mpl,putrescine,0.2396864325863693,rpsG1_mreB_ybeX_mpl-3
319,proV_cspC,putrescine,0.1266388881610619,proV_cspC-2
320,rpsG1_mreB_ybeX,putrescine,0.2809385573801015,rpsG1_mreB_ybeX-1
321,proV_cspC_ybeX_mpl,putrescine,0.1665840376829463,proV_cspC_ybeX_mpl-3
322,proV_cspC,putrescine,0.1918990398638823,proV_cspC-1
323,ygaC,putrescine,0.2458278471708763,ygaC-3
324,MG1655,putrescine,0.0412505451175974,MG1655-3
325,MG1655,putrescine,0.141116489412918,MG1655-1
328,metJ_purT,"1,2-propanediol",0.3417496310997268,metJ_purT-1
329,metJ_acrB,"1,2-propanediol",0.1389915623006387,metJ_acrB-3
330,relA,"1,2-propanediol",0.2814810677047983,relA-3
331,metJ_relA,"1,2-propanediol",0.1263039853971367,metJ_relA-2
332,purT,"1,2-propanediol",0.2872171390300035,purT-1
334,metJ,"1,2-propanediol",0.3459947614218722,metJ-3
335,yfgF,"1,2-propanediol",0.2349697645410274,yfgF-3
336,relA_purT,"1,2-propanediol",0.1174259767151401,relA_purT-2
337,yfgF,"1,2-propanediol",0.1640190640831025,yfgF-1
338,metJ,"1,2-propanediol",0.1390880840854352,metJ-2
340,metJ_relA,"1,2-propanediol",0.2729379210485846,metJ_relA-1
341,purT,"1,2-propanediol",0.3145539169441232,purT-3
342,relA,"1,2-propanediol",0.0917454027587183,relA-2
343,metJ_acrB,"1,2-propanediol",0.1412809286978661,metJ_acrB-2
345,metJ_purT,"1,2-propanediol",0.0960874418695354,metJ_purT-3
347,metJ_relA,"1,2-propanediol",0.0814494992952192,metJ_relA-3
348,fabR,"1,2-propanediol",0.1705001150645209,fabR-2
349,metJ_purT,"1,2-propanediol",0.3173614531800371,metJ_purT-2
350,relA_purT,"1,2-propanediol",0.1449568525120643,relA_purT-1
351,MG1655,"1,2-propanediol",0.1820346959083928,MG1655-2
355,metJ,"1,2-propanediol",0.1909387256444919,metJ-1
356,fabR_yfgF,"1,2-propanediol",0.1602203131088735,fabR_yfgF-3
361,relA_purT,"1,2-propanediol",0.053636250808588,relA_purT-3
362,fabR_yfgF,"1,2-propanediol",0.125957894252793,fabR_yfgF-2
363,yfgF,"1,2-propanediol",0.1204331110308861,yfgF-2
364,fabR,"1,2-propanediol",0.2416277698918265,fabR-3
365,relA,"1,2-propanediol",0.0882977604880088,relA-1
366,fabR_yfgF,"1,2-propanediol",0.1399007185903054,fabR_yfgF-1
367,metJ_acrB,"1,2-propanediol",0.1347631778231549,metJ_acrB-1
368,fabR,"1,2-propanediol",0.1622772357599978,fabR-1
369,MG1655,"1,2-propanediol",0.2498649287599589,MG1655-3
370,MG1655,"1,2-propanediol",0.183556136924826,MG1655-1
371,purT,"1,2-propanediol",0.3083209134867402,purT-2
372,acrB,"2,3-butanediol",0.0242686444625216,acrB-2
373,metJ_relA_yeaR,"2,3-butanediol",0.1122710221920796,metJ_relA_yeaR-1
375,metJ_relA_acrB,"2,3-butanediol",0.0930747686677661,metJ_relA_acrB-3
376,metJ_relA_purT,"2,3-butanediol",0.1109796409170013,metJ_relA_purT-2
377,acrB,"2,3-butanediol",0.0921139792725303,acrB-3
379,metJ,"2,3-butanediol",0.1582251271404623,metJ-3
380,metJ_relA_rnb,"2,3-butanediol",0.0694136326394175,metJ_relA_rnb-1
381,metJ,"2,3-butanediol",0.1647330763086375,metJ-2
382,MG1655,"2,3-butanediol",0.0,MG1655-2
383,metJ_relA_rnb,"2,3-butanediol",0.0837244557969367,metJ_relA_rnb-2
385,acrB,"2,3-butanediol",0.0797900029860668,acrB-1
386,metJ_relA_clsA,"2,3-butanediol",0.0,metJ_relA_clsA-3
387,metJ_relA_yeaR,"2,3-butanediol",0.1033948048178039,metJ_relA_yeaR-2
389,metJ_relA_acrB,"2,3-butanediol",0.051721100133875,metJ_relA_acrB-1
390,metJ_relA_treA,"2,3-butanediol",0.1201671821281731,metJ_relA_treA-1
393,metJ_relA_clsA,"2,3-butanediol",0.6993441575825825,metJ_relA_clsA-2
394,metJ_acrB,"2,3-butanediol",0.2088283151574278,metJ_acrB-2
396,metJ_relA_purT,"2,3-butanediol",0.1079325667670449,metJ_relA_purT-1
397,metJ_relA_treR,"2,3-butanediol",0.0698994352463682,metJ_relA_treR-3
398,metJ_relA_treR,"2,3-butanediol",0.1051603043504283,metJ_relA_treR-1
399,metJ_relA_clsA,"2,3-butanediol",0.0353556382067992,metJ_relA_clsA-1
400,metJ,"2,3-butanediol",0.1279046486396065,metJ-1
402,metJ_relA_treA,"2,3-butanediol",0.1337612097016799,metJ_relA_treA-2
404,metJ_relA_acrB,"2,3-butanediol",0.0414915573914583,metJ_relA_acrB-2
407,metJ_acrB,"2,3-butanediol",0.1861071678154646,metJ_acrB-3
408,metJ_relA_rnb,"2,3-butanediol",0.1637670296922488,metJ_relA_rnb-3
410,metJ_acrB,"2,3-butanediol",0.2061820184632044,metJ_acrB-1
411,MG1655,"2,3-butanediol",0.0,MG1655-3
412,metJ_relA_treA,"2,3-butanediol",0.1776326561963945,metJ_relA_treA-3
413,MG1655,"2,3-butanediol",0.0,MG1655-1
414,metJ_relA_treR,"2,3-butanediol",0.111129548885619,metJ_relA_treR-2
415,metJ_relA_yeaR,"2,3-butanediol",0.0448002163065006,metJ_relA_yeaR-3
416,metJ_relA_purT,"2,3-butanediol",0.1380994301370199,metJ_relA_purT-3
418,proV_ptsP,HMDA,0.1471304777459663,proV_ptsP-1
419,proV_nagC,HMDA,0.0202650017799795,proV_nagC-1
420,MG1655,HMDA,0.1199856745118335,MG1655-2
422,proV_nagC_ptsP,HMDA,0.0936693744864659,proV_nagC_ptsP-3
423,proV_wbbK,HMDA,0.1306190600401694,proV_wbbK-3
427,proV_nagC_ptsP,HMDA,0.2447502272791926,proV_nagC_ptsP-2
428,wbbK,HMDA,0.0696932650211022,wbbK-1
429,proV_ptsP_wbbK,HMDA,0.1804979150669338,proV_ptsP_wbbK-1
430,ptsP,HMDA,0.16373840526747,ptsP-2
431,proV_ptsP,HMDA,0.162219665944535,proV_ptsP-2
434,proV,HMDA,0.1290268725136556,proV-1
435,wbbK,HMDA,0.0970714404099133,wbbK-3
436,proV_wbbK,HMDA,0.1149613590012214,proV_wbbK-1
438,proV_ptsP_wbbK,HMDA,0.1499637695578931,proV_ptsP_wbbK-2
441,proV_nagC_ptsP,HMDA,0.2087556773205266,proV_nagC_ptsP-1
442,proV,HMDA,0.1436778210628528,proV-2
443,proV_nagC,HMDA,0.0986083663865152,proV_nagC-3
445,ptsP,HMDA,0.1407300207402486,ptsP-3
446,wbbK,HMDA,0.0901464435374039,wbbK-2
447,proV_nagC,HMDA,0.0,proV_nagC-2
448,proV_ptsP,HMDA,0.1109952396804861,proV_ptsP-3
449,MG1655,HMDA,0.0870974917861136,MG1655-3
450,proV_wbbK,HMDA,0.126985152860365,proV_wbbK-2
451,proV_ptsP_wbbK,HMDA,0.1544881481828245,proV_ptsP_wbbK-3
452,MG1655,HMDA,0.1349659277894594,MG1655-1
454,ptsP,HMDA,0.151654391406604,ptsP-1
455,proV,HMDA,0.1244044968956607,proV-3
457,phoU,isobutyrate,0.0,phoU-1
458,MG1655,isobutyrate,0.1180193643971738,MG1655-2
462,rph,isobutyrate,0.0,rph-2
464,phoU,isobutyrate,0.1018277029178815,phoU-2
465,MG1655,isobutyrate,0.0580423294663293,MG1655-3
466,rph,isobutyrate,0.1283426672276212,rph-1
467,rph,isobutyrate,0.0330173348481826,rph-3
468,MG1655,isobutyrate,0.1191107189057337,MG1655-1
470,phoU,isobutyrate,0.0729920517318204,phoU-3
471,acrB,"2,3-butanediol",0.1253488414679051,acrB-2
472,clsA,"2,3-butanediol",0.0,clsA-3
473,relA,"2,3-butanediol",0.0300559295853143,relA-1
474,relA,"2,3-butanediol",0.0,relA-3
475,treA,"2,3-butanediol",0.0893381866645443,treA-1
477,purT,"2,3-butanediol",0.0,purT-1
478,acrB,"2,3-butanediol",0.0538344483962597,acrB-3
479,metJ,"2,3-butanediol",0.1490714841823259,metJ-3
480,yfgF,"2,3-butanediol",0.0,yfgF-3
482,treA,"2,3-butanediol",0.0,treA-3
483,acrB,"2,3-butanediol",0.1488102241605874,acrB-1
484,yfgF,"2,3-butanediol",0.0446306565775053,yfgF-1
485,metJ,"2,3-butanediol",0.170202664390709,metJ-2
488,fabR,"2,3-butanediol",0.0183498330927543,fabR-1
489,treA,"2,3-butanediol",0.0641312072568455,treA-2
491,purT,"2,3-butanediol",0.0832654233965735,purT-3
493,fabR,"2,3-butanediol",0.0,fabR-2
495,clsA,"2,3-butanediol",0.0532066340797798,clsA-1
496,MG1655,"2,3-butanediol",0.0547319671111446,MG1655-2
498,metJ,"2,3-butanediol",0.1456161328882683,metJ-1
505,purT,"2,3-butanediol",0.0,purT-2
506,yfgF,"2,3-butanediol",0.0170153789066699,yfgF-2
509,fabR,"2,3-butanediol",0.0709371168597692,fabR-3
511,relA,"2,3-butanediol",0.0,relA-2
512,MG1655,"2,3-butanediol",0.0607312539069987,MG1655-3
513,MG1655,"2,3-butanediol",0.0,MG1655-1
515,clsA,"2,3-butanediol",0.0,clsA-2
516,kgtP_ybjL,adipate,0.236620155033732,kgtP_ybjL-2
519,ybjL,adipate,0.1978669731953995,ybjL-1
520,kgtP_proV,adipate,0.2704759082577825,kgtP_proV-1
524,kgtP_proV,adipate,0.2564006934351026,kgtP_proV-3
525,kgtP_proV_ybjL,adipate,0.2927275052104676,kgtP_proV_ybjL-2
527,kgtP,adipate,0.2204486526324729,kgtP-1
528,kgtP_ybjL,adipate,0.2258709434251207,kgtP_ybjL-3
529,kgtP_ybjL,adipate,0.2243488226022728,kgtP_ybjL-1
530,kgtP,adipate,0.2254998600102005,kgtP-3
531,kgtP_proV,adipate,0.2603140344775018,kgtP_proV-2
533,ybjL,adipate,0.1968791064297075,ybjL-3
535,proV,adipate,0.1517107588286405,proV-2
539,kgtP_sspA,adipate,0.1003405362677419,kgtP_sspA-3
540,proV,adipate,0.1563442726498217,proV-3
544,MG1655,adipate,0.2118980327047644,MG1655-2
548,kgtP_proV_ybjL,adipate,0.334658023152101,kgtP_proV_ybjL-3
549,ybjL,adipate,0.1895941094580015,ybjL-2
551,proV,adipate,0.1512181541119634,proV-1
552,kgtP_proV_ybjL,adipate,0.2665344979361992,kgtP_proV_ybjL-1
554,kgtP_sspA,adipate,0.1847582982789736,kgtP_sspA-1
555,kgtP,adipate,0.2286623687220888,kgtP-2
557,kgtP_sspA,adipate,0.2063938651442216,kgtP_sspA-2
562,MG1655,adipate,0.1991337924745738,MG1655-3
563,MG1655,adipate,0.1543661774037993,MG1655-1
564,yobF,isobutyrate,0.2154087563948028,yobF-4
567,MG1655,isobutyrate,0.1377184746419609,MG1655-2
568,MG1655,isobutyrate,0.1282798154476529,MG1655-6
569,pykF,isobutyrate,0.2674418529840939,pykF-1
570,pykF_yobF,isobutyrate,0.2891025221973204,pykF_yobF-4
571,pykF_yobF,isobutyrate,0.288384050870602,pykF_yobF-1
574,yobF,isobutyrate,0.2241944413006201,yobF-1
575,yobF,isobutyrate,0.1971139135863714,yobF-5
576,pykF,isobutyrate,0.2533015441520296,pykF-2
577,pykF,isobutyrate,0.2679494770833985,pykF-4
578,pykF_yobF,isobutyrate,0.2682763756242226,pykF_yobF-5
579,yobF,isobutyrate,0.2027457919489045,yobF-3
580,pykF,isobutyrate,0.2707297952418502,pykF-5
583,pykF_rpoS,isobutyrate,0.2927711930108367,pykF_rpoS-2
584,MG1655,isobutyrate,0.0,MG1655-5
585,pykF_yobF,isobutyrate,0.279894152417124,pykF_yobF-6
588,rpoS,isobutyrate,0.0397222871450426,rpoS-2
589,yobF,isobutyrate,0.1482732961970532,yobF-6
591,pykF_rpoS,isobutyrate,0.3104961594901227,pykF_rpoS-3
592,pykF_rpoS,isobutyrate,0.2940072270247876,pykF_rpoS-1
593,pykF,isobutyrate,0.2531623856727812,pykF-3
594,rpoS,isobutyrate,0.0,rpoS-1
595,MG1655,isobutyrate,0.1718996840084436,MG1655-4
597,yobF,isobutyrate,0.2090352096303649,yobF-2
598,pykF_yobF,isobutyrate,0.2746552053133179,pykF_yobF-2
600,pykF,isobutyrate,0.2620998582877283,pykF-6
601,rpoS,isobutyrate,0.0,rpoS-3
602,pykF_yobF,isobutyrate,0.3035470819587754,pykF_yobF-3
603,MG1655,isobutyrate,0.1624766543020343,MG1655-1
605,MG1655,isobutyrate,0.1413520046773179,MG1655-3
606,proV_ptsP_wbbK,putrescine,0.1472692291401252,proV_ptsP_wbbK-3
607,proV_ptsP,putrescine,0.1428698617772157,proV_ptsP-1
609,proV_ptsP,putrescine,0.1453940433961784,proV_ptsP-2
613,ptsP,putrescine,0.1579753579854715,ptsP-3
616,proV_wbbK,putrescine,0.1321653687928546,proV_wbbK-1
617,ptsP,putrescine,0.3029507132394705,ptsP-1
618,proV_ptsP_wbbK,putrescine,0.1373672729027663,proV_ptsP_wbbK-2
621,cspC,putrescine,0.1282090835440096,cspC-2
622,proV,putrescine,0.1467988488640781,proV-2
623,proV_nagC,putrescine,0.1850721686129916,proV_nagC-3
624,proV_ptsP_nagC,putrescine,0.2011941825040582,proV_ptsP_nagC-1
625,wbbK,putrescine,0.1263639583149095,wbbK-3
626,proV_ptsP,putrescine,0.168403233011941,proV_ptsP-3
628,proV_ptsP_nagC,putrescine,0.1419236489478252,proV_ptsP_nagC-2
629,proV_wbbK,putrescine,0.0909460360941319,proV_wbbK-2
630,proV,putrescine,0.1530046359998149,proV-3
631,cspC,putrescine,0.123353460779393,cspC-3
632,proV_nagC,putrescine,0.1504337586382158,proV_nagC-1
633,MG1655,putrescine,0.166156320950882,MG1655-2
635,cspC,putrescine,0.1231187169645364,cspC-1
636,proV_ptsP_wbbK,putrescine,0.136592061793988,proV_ptsP_wbbK-1
637,ptsP,putrescine,0.1628481808788573,ptsP-2
639,proV_cspC,putrescine,0.1365543857439032,proV_cspC-1
642,proV_cspC,putrescine,0.1252010496934035,proV_cspC-2
643,wbbK,putrescine,0.1777821188616669,wbbK-1
644,proV_wbbK,putrescine,0.1730979582767507,proV_wbbK-3
645,proV_ptsP_nagC,putrescine,0.1774809648144077,proV_ptsP_nagC-3
646,proV,putrescine,0.1359221027908376,proV-1
647,wbbK,putrescine,0.1457281293194118,wbbK-2
648,proV_nagC,putrescine,0.1425560373725153,proV_nagC-2
649,proV_cspC,putrescine,0.1664974798704122,proV_cspC-3
650,MG1655,putrescine,0.163363093830286,MG1655-3
651,MG1655,putrescine,0.2156636394081396,MG1655-1
654,nusA_sspA_ybeX_mpl,putrescine,0.1634454679041625,nusA_sspA_ybeX_mpl-1
655,nusA_sspA,putrescine,0.0,nusA_sspA-2
656,nusA_sspA_mpl,putrescine,0.0,nusA_sspA_mpl-2
658,proV_ptsP,putrescine,0.067787601417598,proV_ptsP-2
659,rpsG1_mpl,putrescine,0.1987997407547512,rpsG1_mpl-3
661,proV_ptsP_mpl,putrescine,0.146003134310136,proV_ptsP_mpl-1
662,rpsG1_ybeX_mpl,putrescine,0.1342275386896177,rpsG1_ybeX_mpl-3
663,ybeX,putrescine,0.0716134161772759,ybeX-3
664,proV_ptsP_mpl,putrescine,0.1192777916694413,proV_ptsP_mpl-2
665,nusA_sspA_ybeX_mpl,putrescine,0.1236895142463546,nusA_sspA_ybeX_mpl-2
666,nusA_sspA_ybeX,putrescine,0.0,nusA_sspA_ybeX-3
667,nusA_sspA_mpl,putrescine,0.0,nusA_sspA_mpl-3
668,mpl,putrescine,0.1114468159492869,mpl-1
669,nusA_sspA_mpl,putrescine,0.1592631767388265,nusA_sspA_mpl-1
670,nusA_sspA,putrescine,0.0,nusA_sspA-3
671,rpsG1,putrescine,0.2385652195185953,rpsG1-1
672,proV_ptsP_ybeX_mpl,putrescine,0.5620204923750077,proV_ptsP_ybeX_mpl-3
673,nusA_sspA,putrescine,0.0,nusA_sspA-1
674,rpsG1_ybeX,putrescine,0.1751195603530607,rpsG1_ybeX-1
675,ybeX,putrescine,0.038065238874801,ybeX-2
676,nusA_sspA_ybeX,putrescine,0.0,nusA_sspA_ybeX-1
677,proV_ptsP,putrescine,0.1120072367980337,proV_ptsP-1
678,MG1655,putrescine,0.0951773442201738,MG1655-2
679,ybeX,putrescine,0.0631588511582649,ybeX-1
680,rpsG1,putrescine,0.2414250547996362,rpsG1-2
681,rpsG1_mpl,putrescine,0.1859505484178621,rpsG1_mpl-1
682,proV_ptsP_ybeX_mpl,putrescine,0.0812855981712553,proV_ptsP_ybeX_mpl-2
683,nusA_sspA_ybeX,putrescine,0.0,nusA_sspA_ybeX-2
684,proV_ptsP_ybeX,putrescine,0.0893302958737219,proV_ptsP_ybeX-2
685,proV_ptsP_ybeX,putrescine,0.060856293019106,proV_ptsP_ybeX-3
686,rpsG1,putrescine,0.2227872818679889,rpsG1-3
687,rpsG1_ybeX,putrescine,0.1880961573244499,rpsG1_ybeX-2
688,rpsG1_ybeX_mpl,putrescine,0.1359064246855469,rpsG1_ybeX_mpl-2
689,proV_ptsP_ybeX_mpl,putrescine,0.0900979301805171,proV_ptsP_ybeX_mpl-1
690,proV_ptsP,putrescine,0.0,proV_ptsP-3
692,rpsG1_ybeX_mpl,putrescine,0.1456424566112606,rpsG1_ybeX_mpl-1
693,rpsG1_mpl,putrescine,0.2043263701896283,rpsG1_mpl-2
694,proV_ptsP_ybeX,putrescine,0.0386981491653165,proV_ptsP_ybeX-1
695,nusA_sspA_ybeX_mpl,putrescine,0.0748369036197953,nusA_sspA_ybeX_mpl-3
696,MG1655,putrescine,0.0652979106952657,MG1655-3
697,MG1655,putrescine,0.0644466989438256,MG1655-1
698,mpl,putrescine,0.1170030830797999,mpl-2
699,rpsG1_ybeX,putrescine,0.1816593589530483,rpsG1_ybeX-3
700,mpl,putrescine,0.1188125291565346,mpl-3
701,proV_ptsP_mpl,putrescine,0.0822737727808189,proV_ptsP_mpl-3
702,rlmH,octanoate,0.2102815552803674,rlmH-1
704,MG1655,octanoate,0.2902803655711152,MG1655-2
707,gtrS,octanoate,0.1204252322000331,gtrS-2
709,gtrS,octanoate,0.1934058462519212,gtrS-3
715,rlmH,octanoate,0.305062510696117,rlmH-3
718,gtrS,octanoate,0.1622363223668357,gtrS-1
719,rlmH,octanoate,0.3207427383571715,rlmH-2
720,MG1655,octanoate,0.2739601132273818,MG1655-3
721,MG1655,octanoate,0.2696489160987441,MG1655-1
727,bioAB,hexanoate,0.2957096777465586,bioAB-3
728,proQ,hexanoate,0.3135730786900728,proQ-2
730,MG1655,hexanoate,0.2950511205031718,MG1655-2
731,proQ,hexanoate,0.2258468309425832,proQ-3
732,ompR_proP,hexanoate,0.42681799092071,ompR_proP-1
734,ompR_proQ,hexanoate,0.4399929274506754,ompR_proQ-3
736,bioAB_ompR_proQ,hexanoate,0.3792907309402853,bioAB_ompR_proQ-1
737,opgH,hexanoate,0.3143005117077724,opgH-3
738,bioAB_ompR,hexanoate,0.4462354636885053,bioAB_ompR-3
740,bioAB,hexanoate,0.3444214061512767,bioAB-1
741,opgH,hexanoate,0.2879522594175298,opgH-1
743,proP,hexanoate,0.3220140586995348,proP-1
744,proP,hexanoate,0.254699097790195,proP-3
745,bioAB_ompR_proQ,hexanoate,0.0,bioAB_ompR_proQ-3
746,bioAB_ompR_proQ,hexanoate,0.4367398851380509,bioAB_ompR_proQ-2
747,ompR_proQ,hexanoate,0.4576183729608971,ompR_proQ-2
748,bioAB_ompR,hexanoate,0.431042630214434,bioAB_ompR-1
749,ompR_proP,hexanoate,0.4349749744683047,ompR_proP-2
750,bioAB,hexanoate,0.2584846712027261,bioAB-2
752,bioAB_ompR_proQ,hexanoate,0.4436757326966033,bioAB_ompR_proQ-1
756,proQ,hexanoate,0.3040323466953745,proQ-1
758,bioAB_ompR_proQ,hexanoate,0.4529461298546159,bioAB_ompR_proQ-2
759,ompR_proP,hexanoate,0.4436220007896973,ompR_proP-3
760,bioAB_ompR_proQ,hexanoate,0.4589325886655904,bioAB_ompR_proQ-3
762,opgH,hexanoate,0.2999576570679212,opgH-2
763,proP,hexanoate,0.2772208021459459,proP-2
764,ompR_proQ,hexanoate,0.4165295715943237,ompR_proQ-1
765,MG1655,hexanoate,0.2770271193390407,MG1655-1
766,bioAB_ompR,hexanoate,0.4408757197602113,bioAB_ompR-2
767,MG1655,hexanoate,0.2820307618404588,MG1655-3
770,MG1655,isobutyrate,0.0,MG1655-2
771,pykF,isobutyrate,0.2498287689287115,pykF-1
772,pykF_yobF,isobutyrate,0.2893157261716471,pykF_yobF-1
775,yobF,isobutyrate,0.1955622024218108,yobF-1
776,pykF,isobutyrate,0.2306126305211394,pykF-2
777,pykF_rpoS_yobF,isobutyrate,0.2505722722750054,pykF_rpoS_yobF-3
778,yobF,isobutyrate,0.1981898483267017,yobF-3
781,pykF_rpoS,isobutyrate,0.2879660593786846,pykF_rpoS-2
782,pykF_rpoS_yobF,isobutyrate,0.2115821196966647,pykF_rpoS_yobF-1
785,rpoS,isobutyrate,0.0772763041507033,rpoS-2
787,pykF_rpoS,isobutyrate,0.2796022347824746,pykF_rpoS-3
788,pykF_rpoS,isobutyrate,0.292989465332377,pykF_rpoS-1
789,pykF,isobutyrate,0.3248085901310528,pykF-3
790,rpoS,isobutyrate,0.2095070472544284,rpoS-1
791,pykF_rpoS_yobF,isobutyrate,0.2129162775091977,pykF_rpoS_yobF-2
793,yobF,isobutyrate,0.1690849503005392,yobF-2
794,pykF_yobF,isobutyrate,0.2602619910312052,pykF_yobF-2
796,rpoS,isobutyrate,0.2481654492289527,rpoS-3
797,pykF_yobF,isobutyrate,0.2456656124106183,pykF_yobF-3
798,MG1655,isobutyrate,0.2150051981903405,MG1655-1
800,MG1655,isobutyrate,0.2069544582137383,MG1655-3
802,nadR_rpoA,coumarate,0.536541408940745,nadR_rpoA-3
804,MG1655,coumarate,0.2627049847659428,MG1655-3
805,MG1655,coumarate,0.3102821946826766,MG1655-2
807,MG1655,coumarate,0.2576188590715947,MG1655-1
808,nadR_rpoA,coumarate,0.4988676430765261,nadR_rpoA-2
809,nadR_rpoA,coumarate,0.4759497201532382,nadR_rpoA-1
810,marC_rob,butanol,0.436050497506412,marC_rob-1
811,yobF,butanol,0.430423142578363,yobF-3
812,MG1655,butanol,0.4612454244923635,MG1655-1
814,yobF,butanol,0.4366626113085598,yobF-1
815,marC_rob_mppA_yobF,butanol,0.4711202640461094,marC_rob_mppA_yobF-1
816,cspC,butanol,0.4769920552686192,cspC-3
817,marC_rob,butanol,0.4605880007714675,marC_rob-3
818,ypjA_mprA_nadR_yhjK,coumarate,0.2146377018068757,ypjA_mprA_nadR_yhjK-1
819,rob_yobF,butanol,0.4522590052891057,rob_yobF-1
820,marC_rob_yobF,butanol,0.4636667608658493,marC_rob_yobF-3
823,marC_rob_yobF,butanol,0.4554675532229198,marC_rob_yobF-1
824,rob,butanol,0.4338328536148714,rob-1
826,rob,butanol,0.4108603394307543,rob-3
827,marC_rob_yobF,butanol,0.4429009723753433,marC_rob_yobF-2
829,marC_yobF,butanol,0.4202095826181832,marC_yobF-1
830,marC,butanol,0.4084416448667393,marC-1
831,marC_rob_mppA_yobF,butanol,0.4595395860307537,marC_rob_mppA_yobF-3
832,MG1655,butanol,0.4568634590657502,MG1655-2
833,rob_yobF,butanol,0.4696941336860822,rob_yobF-2
834,ypjA_mprA_nadR_yhjK,coumarate,0.2825749936702115,ypjA_mprA_nadR_yhjK-2
835,marC_rob_mppA,butanol,0.4500410335771287,marC_rob_mppA-3
837,cspC,butanol,0.4578105254170677,cspC-1
839,ypjA_mprA_nadR_yhjK,coumarate,0.0,ypjA_mprA_nadR_yhjK-3
840,marC_rob_mppA_yobF,butanol,0.5025516031388312,marC_rob_mppA_yobF-2
841,marC_yobF,butanol,0.4537701055581268,marC_yobF-3
843,marC,butanol,0.3904328012447907,marC-2
844,marC_rob_mppA,butanol,0.4548458462900417,marC_rob_mppA-2
845,rob_yobF,butanol,0.4953576878011846,rob_yobF-3
846,marC_rob_mppA,butanol,0.4168863518054529,marC_rob_mppA-1
847,marC,butanol,0.3967568490697845,marC-3
849,rob,butanol,0.4139028496644684,rob-2
850,yobF,butanol,0.4067911865791888,yobF-2
851,MG1655,butanol,0.4498201227461227,MG1655-3
852,marC_rob,butanol,0.4312951186731693,marC_rob-2
854,marC_yobF,butanol,0.4191490286499706,marC_yobF-2
856,cspC,butanol,0.4757972360418914,cspC-2
860,ybjL,glutarate,0.1245109848468314,ybjL-1
861,ybjL,glutarate,0.133205578519788,ybjL-2
862,MG1655,glutarate,0.0819686348260226,MG1655-2
864,kgtP_sspA,glutarate,0.2497034448052899,kgtP_sspA-3
866,kgtP_proV,glutarate,0.244885272865399,kgtP_proV-3
868,kgtP_proV_ybjL,glutarate,0.2869695942003378,kgtP_proV_ybjL-2
870,kgtP_proV,glutarate,0.2442041856600684,kgtP_proV-2
871,kgtP_proV_ybjL,glutarate,0.312474042881281,kgtP_proV_ybjL-1
873,kgtP,glutarate,0.1786803886075922,kgtP-2
874,kgtP_ybjL,glutarate,0.2214973630138368,kgtP_ybjL-3
875,kgtP_proV_ybjL,glutarate,0.3019427046736256,kgtP_proV_ybjL-3
876,kgtP_ybjL,glutarate,0.20761937951404,kgtP_ybjL-1
877,kgtP,glutarate,0.18700404891705,kgtP-3
878,proV,glutarate,0.0813957284612549,proV-1
880,kgtP_sspA,glutarate,0.2631828309214784,kgtP_sspA-1
881,ybjL,glutarate,0.1208050811212672,ybjL-3
883,proV,glutarate,0.0944509357992448,proV-2
884,kgtP_sspA,glutarate,0.2548155933434659,kgtP_sspA-1
887,MG1655,glutarate,0.1175336593217761,MG1655-3
888,kgtP_proV,glutarate,0.244034613629702,kgtP_proV-1
889,MG1655,glutarate,0.1015391956411587,MG1655-1
891,kgtP,glutarate,0.178467123278941,kgtP-1
892,proV,glutarate,0.0785126019719821,proV-3
893,kgtP_ybjL,glutarate,0.2094675745962256,kgtP_ybjL-2
896,ompR,hexanoate,0.2059948273016108,ompR-1
897,ompR,hexanoate,0.2118237940193173,ompR-2
899,ompR_proQ_mdtK,hexanoate,0.2075534532807921,ompR_proQ_mdtK-1
900,ptrA,hexanoate,0.2054888948953369,ptrA-2
901,ompR_proQ,hexanoate,0.3001635278760688,ompR_proQ-2
902,ompR_proQ_ptrA,hexanoate,0.2299624535236214,ompR_proQ_ptrA-3
905,mdtK_ptrA,hexanoate,0.2617653328238308,mdtK_ptrA-2
906,ompR_proQ_ptrA,hexanoate,0.2052195013941102,ompR_proQ_ptrA-1
908,bioAB_ptrA_ompR,hexanoate,0.326677259629893,bioAB_ptrA_ompR-3
909,ompR_ptrA,hexanoate,0.1884070463098224,ompR_ptrA-2
910,proQ,hexanoate,0.1488628325858222,proQ-3
911,bioAB_ptrA_ompR,hexanoate,0.309199323068646,bioAB_ptrA_ompR-1
912,bioAB,hexanoate,0.24733750897911,bioAB-3
913,proQ,hexanoate,0.1383883120462473,proQ-2
914,ompR_proQ_mdtK,hexanoate,0.1877515241237961,ompR_proQ_mdtK-3
915,MG1655,hexanoate,0.2009790638787113,MG1655-2
916,mdtK_ptrA,hexanoate,0.2135277183124113,mdtK_ptrA-3
918,ptrA,hexanoate,0.2260565415359308,ptrA-3
919,bioAB_ptrA,hexanoate,0.280878480023265,bioAB_ptrA-2
920,bioAB_ptrA_mdtK,hexanoate,0.2899642513223701,bioAB_ptrA_mdtK-1
921,ompR_proQ,hexanoate,0.2590989092981436,ompR_proQ-3
922,bioAB_ptrA,hexanoate,0.2195689287592944,bioAB_ptrA-1
923,bioAB_ptrA,hexanoate,0.2682790064265664,bioAB_ptrA-3
924,ptrA,hexanoate,0.2239406648020616,ptrA-1
925,bioAB,hexanoate,0.2401474266311281,bioAB-2
926,bioAB,hexanoate,0.2191382019642697,bioAB-1
927,bioAB_ptrA_ompR,hexanoate,0.3079575868736268,bioAB_ptrA_ompR-2
928,mdtK_ptrA,hexanoate,0.2943605826429917,mdtK_ptrA-1
929,bioAB_ptrA_mdtK,hexanoate,0.3111107206578197,bioAB_ptrA_mdtK-3
931,ompR,hexanoate,0.1985363265125738,ompR-3
932,proQ,hexanoate,0.1241464350122717,proQ-1
934,bioAB_ptrA_mdtK,hexanoate,0.3092238233681693,bioAB_ptrA_mdtK-2
935,ompR_proQ,hexanoate,0.2922196901486101,ompR_proQ-1
936,MG1655,hexanoate,0.176872509873972,MG1655-3
937,MG1655,hexanoate,0.2230292040650379,MG1655-1
938,ompR_proQ_mdtK,hexanoate,0.184108113964199,ompR_proQ_mdtK-2
939,ompR_ptrA,hexanoate,0.1955333443697813,ompR_ptrA-3
940,ompR_proQ_ptrA,hexanoate,0.2249039235055233,ompR_proQ_ptrA-2
941,ompR_ptrA,hexanoate,0.2075081686082626,ompR_ptrA-1
944,pykF_glyQ,isobutyrate,0.282383687646114,pykF_glyQ-3
945,pykF,isobutyrate,0.2229267854391095,pykF-1
946,glyQ,isobutyrate,0.1276317421639528,glyQ-1
947,glyQ,isobutyrate,0.1293764688398257,glyQ-3
949,pykF,isobutyrate,0.2103669749331905,pykF-2
950,ilvH,isobutyrate,0.1307293342271548,ilvH-1
951,ilvH_glyQ,isobutyrate,0.1542593200313141,ilvH_glyQ-2
952,glyQ,isobutyrate,0.1800938094682996,glyQ-2
954,pykF_glyQ,isobutyrate,0.2582985116282519,pykF_glyQ-2
955,ilvH,isobutyrate,0.1109461692638431,ilvH-3
956,MG1655,isobutyrate,0.0773771307448662,MG1655-2
958,pykF_ilvH_glyQ,isobutyrate,0.2751249023894458,pykF_ilvH_glyQ-1
959,pykF,isobutyrate,0.2144341138683491,pykF-3
960,pykF_ilvH,isobutyrate,0.2294825937199607,pykF_ilvH-1
962,ilvH_glyQ,isobutyrate,0.090041826389361,ilvH_glyQ-1
963,ilvH_glyQ,isobutyrate,0.1429352146507456,ilvH_glyQ-3
964,pykF_ilvH_glyQ,isobutyrate,0.291016475722568,pykF_ilvH_glyQ-2
965,pykF_ilvH,isobutyrate,0.1937406733727968,pykF_ilvH-2
966,pykF_ilvH,isobutyrate,0.2044879904286388,pykF_ilvH-3
967,pykF_ilvH_glyQ,isobutyrate,0.2989089006448567,pykF_ilvH_glyQ-3
968,MG1655,isobutyrate,0.0722506664378593,MG1655-1
969,ilvH,isobutyrate,0.1391236456796352,ilvH-2
970,pykF_glyQ,isobutyrate,0.276255910465259,pykF_glyQ-1
971,MG1655,isobutyrate,0.1042284559598178,MG1655-3
972,sspA,"2,3-butanediol",0.2605234155610829,sspA-3
973,sspA,"2,3-butanediol",0.1518504010373536,sspA-1
974,sspA,"2,3-butanediol",0.2265950435840545,sspA-2
975,MG1655,"2,3-butanediol",0.0,MG1655-3
976,MG1655,"2,3-butanediol",0.0310670706080065,MG1655-2
978,MG1655,"2,3-butanediol",0.0256701316695453,MG1655-1
981,ompR,hexanoate,0.1649934504567939,ompR-1
982,ompR,hexanoate,0.1769839264305706,ompR-2
985,rph,hexanoate,0.1283426672276212,rph-1
986,ompR_ompC,hexanoate,0.2036706889405137,ompR_ompC-2
987,ompR_proQ,hexanoate,0.2908692888657297,ompR_proQ-2
989,ompC,hexanoate,0.2132217794566253,ompC-2
990,MG1655,hexanoate,0.1180193643971738,MG1655-2
991,phoU,hexanoate,0.0,phoU-1
993,ompC,hexanoate,0.2459663573685069,ompC-1
994,rph,hexanoate,0.0,rph-2
995,ompR_proQ_ompC,hexanoate,0.2370713486570335,ompR_proQ_ompC-1
996,proQ_ompC,hexanoate,0.3054158403675684,proQ_ompC-3
997,proQ,hexanoate,0.1539393789627026,proQ-3
998,proQ_ompC,hexanoate,0.2422657775228687,proQ_ompC-1
999,ompR_proQ,hexanoate,0.3157327315392347,ompR_proQ-1
1000,proQ,hexanoate,0.1774885282623039,proQ-2
1001,ompC,hexanoate,0.2106605415949004,ompC-3
1002,MG1655,hexanoate,0.1867267916966593,MG1655-2
1003,ompR_ompC,hexanoate,0.1882759266161856,ompR_ompC-1
1004,proQ_ompC,hexanoate,0.2383836187203387,proQ_ompC-2
1006,ompR_proQ_ompC,hexanoate,0.2382332666096224,ompR_proQ_ompC-3
1007,MG1655,hexanoate,0.0580423294663293,MG1655-3
1009,phoU,hexanoate,0.1018277029178815,phoU-2
1010,ompR_proQ,hexanoate,0.3009398653200346,ompR_proQ-3
1011,rph,hexanoate,0.0330173348481826,rph-3
1013,ompR_ompC,hexanoate,0.190392795545497,ompR_ompC-3
1015,ompR,hexanoate,0.1716515532743341,ompR-3
1016,proQ,hexanoate,0.1689660700459188,proQ-1
1017,ompR_proQ_ompC,hexanoate,0.2323196641924952,ompR_proQ_ompC-2
1020,MG1655,hexanoate,0.1977606938170106,MG1655-3
1022,MG1655,hexanoate,0.1723061091697525,MG1655-1
1024,MG1655,hexanoate,0.1191107189057337,MG1655-1
1025,phoU,hexanoate,0.0729920517318204,phoU-3
1026,proV_rpsG1,HMDA,0.2694919389979599,proV_rpsG1-2
1028,proV_sspA,HMDA,0.2798945844799456,proV_sspA-1
1029,rpsG1,HMDA,0.2256669744432102,rpsG1-2
1030,proV,HMDA,0.6683525341734483,proV-1
1031,MG1655,HMDA,0.7437215594996903,MG1655-2
1032,proV_sspA,HMDA,0.262939087459809,proV_sspA-2
1034,proV,HMDA,0.4278636615806441,proV-2
1035,proV_sspA,HMDA,0.2715337827143872,proV_sspA-3
1036,proV_sspA_nusA,HMDA,0.290311808273664,proV_sspA_nusA-2
1037,proV_sspA_nusA,HMDA,0.2815554931972644,proV_sspA_nusA-3
1038,proV_sspA_nusA,HMDA,0.2964307445860824,proV_sspA_nusA-1
1039,rpsG1,HMDA,0.2238787074690661,rpsG1-1
1040,MG1655,HMDA,0.5985578065658036,MG1655-3
1041,MG1655,HMDA,0.6485231600613174,MG1655-1
1043,proV_rpsG1,HMDA,0.2722705284366087,proV_rpsG1-1
1044,rpsG1,HMDA,0.2249289781215993,rpsG1-3
1045,proV,HMDA,0.7174601879215367,proV-3
1046,proV_rpsG1,HMDA,0.2705048188982323,proV_rpsG1-3
1048,proQ,hexanoate,0.1486359804704905,proQ-2
1050,MG1655,hexanoate,0.2210905568354967,MG1655-2
1051,proQ,hexanoate,0.1458959967848309,proQ-3
1052,ompR,hexanoate,0.2906650072120476,ompR-1
1054,ompR_proQ,hexanoate,0.3397856413544073,ompR_proQ-3
1058,ompR,hexanoate,0.1945491192793055,ompR-2
1059,ompR_proQ,hexanoate,0.3319714725669299,ompR_proQ-2
1064,ompR,hexanoate,0.2438235097107684,ompR-3
1065,proQ,hexanoate,0.1547375734087108,proQ-1
1067,ompR_proQ,hexanoate,0.3380216651280607,ompR_proQ-1
1068,MG1655,hexanoate,0.1798774436084723,MG1655-3
1069,MG1655,hexanoate,0.190080273101317,MG1655-1
1072,nadR_yhjK,coumarate,0.4313653564231897,nadR_yhjK-2
1073,ypjA_mprA,coumarate,0.4674407518209297,ypjA_mprA-3
1075,ypjA_mprA_nadR,coumarate,0.498301642079968,ypjA_mprA_nadR-1
1076,mprA_yhjK,coumarate,0.5405799389344029,mprA_yhjK-2
1077,mprA,coumarate,0.430282815205288,mprA-2
1078,ypjA,coumarate,0.2808323171763725,ypjA-1
1079,nadR_mprA,coumarate,0.5118003957736121,nadR_mprA-3
1081,nadR_yhjK,coumarate,0.4079005294903077,nadR_yhjK-3
1082,nadR,coumarate,0.4195584331269998,nadR-3
1084,ypjA,coumarate,0.259199268827039,ypjA-3
1086,ypjA_mprA,coumarate,0.4422840641830995,ypjA_mprA-2
1088,nadR_mprA,coumarate,0.491986188637818,nadR_mprA-1
1089,ypjA_mprA_yhjK,coumarate,0.4706139284668198,ypjA_mprA_yhjK-2
1090,ypjA_mprA_yhjK,coumarate,0.4845157708596578,ypjA_mprA_yhjK-1
1093,ypjA_mprA_nadR,coumarate,0.5602289974364325,ypjA_mprA_nadR-3
1095,nadR_mprA_yhjK,coumarate,0.5606382781817268,nadR_mprA_yhjK-3
1096,nadR,coumarate,0.4051171983736584,nadR-2
1097,MG1655,coumarate,0.3154511136588486,MG1655-2
1098,nadR_yhjK,coumarate,0.4125540672594101,nadR_yhjK-1
1100,nadR_mprA_yhjK,coumarate,0.6180583026057391,nadR_mprA_yhjK-2
1101,mprA,coumarate,0.4541477291014129,mprA-1
1102,yhjK,coumarate,0.3867478554895185,yhjK-2
1103,ypjA_mprA_nadR,coumarate,0.5420683791689199,ypjA_mprA_nadR-2
1104,mprA,coumarate,0.4180147046658835,mprA-3
1105,nadR_mprA,coumarate,0.4698443359078172,nadR_mprA-2
1106,yhjK,coumarate,0.3864954766617666,yhjK-3
1107,mprA_yhjK,coumarate,0.5836063619722431,mprA_yhjK-3
1108,nadR,coumarate,0.4266668710838759,nadR-1
1109,ypjA,coumarate,0.3661311532940734,ypjA-2
1111,yhjK,coumarate,0.4272914858804466,yhjK-1
1112,ypjA_mprA_yhjK,coumarate,0.4514236513888148,ypjA_mprA_yhjK-3
1113,MG1655,coumarate,0.2458283587794405,MG1655-3
1115,MG1655,coumarate,0.1919735404018865,MG1655-1
1116,ypjA_mprA,coumarate,0.4689065382234288,ypjA_mprA-1
1117,mprA_yhjK,coumarate,0.4843333515333574,mprA_yhjK-1
1118,nadR_mprA_yhjK,coumarate,0.6360917475864302,nadR_mprA_yhjK-1
1120,acrB,"1,2-propanediol",0.3049215148907356,acrB-2
1121,metJ_relA_yeaR,"1,2-propanediol",0.2304438735743338,metJ_relA_yeaR-1
1122,metJ_relA_clsA,"1,2-propanediol",0.1161488939863755,metJ_relA_clsA-3
1123,metJ_relA_acrB,"1,2-propanediol",0.121521733925085,metJ_relA_acrB-3
1124,metJ_relA_purT,"1,2-propanediol",0.0,metJ_relA_purT-2
1125,metJ,"1,2-propanediol",0.3617804320877009,metJ-3
1127,metJ_relA_rnb,"1,2-propanediol",0.2280485974562437,metJ_relA_rnb-2
1128,metJ_relA_rnb,"1,2-propanediol",0.2208434530284097,metJ_relA_rnb-1
1129,metJ_relA_clsA,"1,2-propanediol",0.1413757519557613,metJ_relA_clsA-1
1130,acrB,"1,2-propanediol",0.0,acrB-1
1131,MG1655,"1,2-propanediol",0.0,MG1655-2
1132,metJ_relA_yeaR,"1,2-propanediol",0.2082761070115751,metJ_relA_yeaR-2
1133,metJ_relA_acrB,"1,2-propanediol",0.1039735335953627,metJ_relA_acrB-1
1134,metJ_relA_treA,"1,2-propanediol",0.2616443873047906,metJ_relA_treA-1
1135,metJ_acrB,"1,2-propanediol",0.3439078627046651,metJ_acrB-1
1136,metJ_relA_clsA,"1,2-propanediol",0.143602829401012,metJ_relA_clsA-2
1137,metJ_acrB,"1,2-propanediol",0.3665897731598256,metJ_acrB-2
1140,metJ_relA_purT,"1,2-propanediol",0.2643620304770835,metJ_relA_purT-1
1141,metJ_relA_treR,"1,2-propanediol",0.1238165878931552,metJ_relA_treR-3
1142,metJ_relA_treR,"1,2-propanediol",0.246729107495036,metJ_relA_treR-1
1146,metJ,"1,2-propanediol",0.3638413908212331,metJ-1
1147,metJ_relA_treA,"1,2-propanediol",0.1994173596242553,metJ_relA_treA-2
1152,acrB,"1,2-propanediol",0.3267702888248851,acrB-3
1153,metJ_relA_acrB,"1,2-propanediol",0.237134507804503,metJ_relA_acrB-2
1155,metJ_acrB,"1,2-propanediol",0.3544927564411522,metJ_acrB-3
1156,metJ_relA_rnb,"1,2-propanediol",0.162273993001827,metJ_relA_rnb-3
1157,metJ,"1,2-propanediol",0.382866451442542,metJ-2
1158,MG1655,"1,2-propanediol",0.0,MG1655-3
1159,metJ_relA_treA,"1,2-propanediol",0.1569316752736821,metJ_relA_treA-3
1160,MG1655,"1,2-propanediol",0.0,MG1655-1
1161,metJ_relA_treR,"1,2-propanediol",0.1828684632981575,metJ_relA_treR-2
1162,metJ_relA_yeaR,"1,2-propanediol",0.0968082106866969,metJ_relA_yeaR-3
1163,metJ_relA_purT,"1,2-propanediol",0.3264725232912125,metJ_relA_purT-3
1165,proV_ptsP,HMDA,0.2068356587151875,proV_ptsP-2
1166,proV_ptsP,HMDA,0.225549565447244,proV_ptsP-1
1167,proV_nagC,HMDA,0.1295472875023993,proV_nagC-1
1168,MG1655,HMDA,0.1032756407621868,MG1655-2
1170,proV_wbbK,HMDA,0.0455917551885111,proV_wbbK-3
1174,wbbK,HMDA,0.122112618826719,wbbK-1
1175,proV_ptsP_wbbK,HMDA,0.2664796474103522,proV_ptsP_wbbK-1
1176,ptsP,HMDA,0.2098351962218383,ptsP-2
1177,proV_ptsP_nagC,HMDA,0.2970370729346172,proV_ptsP_nagC-1
1180,proV,HMDA,0.2033864836451095,proV-1
1181,wbbK,HMDA,0.1302901918520508,wbbK-3
1182,proV_wbbK,HMDA,0.187447321128829,proV_wbbK-1
1184,proV_ptsP_wbbK,HMDA,0.2336414012077345,proV_ptsP_wbbK-2
1187,proV,HMDA,0.2101982264773658,proV-2
1188,proV_nagC,HMDA,0.0,proV_nagC-3
1190,ptsP,HMDA,0.2090707093952236,ptsP-3
1191,wbbK,HMDA,0.131496384790651,wbbK-2
1192,proV_nagC,HMDA,0.1480487476119441,proV_nagC-2
1193,proV_ptsP,HMDA,0.1254822483914311,proV_ptsP-3
1194,MG1655,HMDA,0.1043189106145871,MG1655-3
1195,proV_ptsP_nagC,HMDA,0.2964821870082378,proV_ptsP_nagC-2
1196,proV_wbbK,HMDA,0.1115519618591215,proV_wbbK-2
1197,proV_ptsP_wbbK,HMDA,0.1735704432540173,proV_ptsP_wbbK-3
1198,MG1655,HMDA,0.088128255910754,MG1655-1
1200,ptsP,HMDA,0.2047610982555463,ptsP-1
1201,proV_ptsP_nagC,HMDA,0.2274040422056493,proV_ptsP_nagC-3
1202,proV,HMDA,0.200432724753841,proV-3
1204,acrB,"1,2-propanediol",0.1927882573725056,acrB-2
1206,relA,"1,2-propanediol",0.1170395852006231,relA-3
1207,treA,"1,2-propanediol",0.2496793800625954,treA-1
1209,purT,"1,2-propanediol",0.1289282612702337,purT-1
1211,metJ,"1,2-propanediol",0.2790246466890242,metJ-3
1212,yfgF,"1,2-propanediol",0.2497091432939844,yfgF-3
1213,treA,"1,2-propanediol",0.0947782755818382,treA-3
1214,acrB,"1,2-propanediol",0.3307076091558898,acrB-1
1215,yfgF,"1,2-propanediol",0.0,yfgF-1
1216,metJ,"1,2-propanediol",0.3998761546480112,metJ-2
1217,clsA,"1,2-propanediol",0.0960698911964902,clsA-3
1218,treA,"1,2-propanediol",0.2770070454598127,treA-2
1219,purT,"1,2-propanediol",0.1279959141120884,purT-3
1220,relA,"1,2-propanediol",0.1816762639502778,relA-2
1221,fabR,"1,2-propanediol",0.1456126987578541,fabR-2
1224,clsA,"1,2-propanediol",0.1899005177041623,clsA-1
1225,MG1655,"1,2-propanediol",0.1500352839044162,MG1655-2
1230,metJ,"1,2-propanediol",0.3896466088223161,metJ-1
1236,acrB,"1,2-propanediol",0.1251827576571257,acrB-3
1238,purT,"1,2-propanediol",0.0,purT-2
1239,yfgF,"1,2-propanediol",0.2258172668998153,yfgF-2
1240,relA,"1,2-propanediol",0.2283202026958897,relA-1
1241,fabR,"1,2-propanediol",0.1207382020764611,fabR-3
1243,fabR,"1,2-propanediol",0.204485181450032,fabR-1
1244,MG1655,"1,2-propanediol",0.2401986321144728,MG1655-3
1245,MG1655,"1,2-propanediol",0.1413575470816096,MG1655-1
1247,clsA,"1,2-propanediol",0.0949744127312234,clsA-2
1249,ilvH,isobutyrate,0.1767420173144028,ilvH-3
1250,MG1655,isobutyrate,0.1807335440380169,MG1655-2
1252,pykF,isobutyrate,0.2701957150072143,pykF-1
1253,pykF_ilvN,isobutyrate,0.2676603351491636,pykF_ilvN-3
1254,ilvN,isobutyrate,0.2358641873105361,ilvN-2
1255,pykF_ilvN,isobutyrate,0.2753078932928168,pykF_ilvN-1
1256,pykF_ilvH,isobutyrate,0.2601986435723386,pykF_ilvH-1
1257,pykF_ilvN,isobutyrate,0.2718344565075961,pykF_ilvN-2
1258,ilvN,isobutyrate,0.2423159407422536,ilvN-3
1260,pykF,isobutyrate,0.2548881008779194,pykF-2
1261,pykF,isobutyrate,0.2478076548333201,pykF-3
1262,pykF_ilvH,isobutyrate,0.2437316685334276,pykF_ilvH-2
1263,pykF_ilvH,isobutyrate,0.2711491703006846,pykF_ilvH-3
1264,MG1655,isobutyrate,0.2018589931815147,MG1655-1
1265,ilvH,isobutyrate,0.2087607502508376,ilvH-2
1266,ilvH,isobutyrate,0.1964455963802526,ilvH-1
1267,ilvN,isobutyrate,0.2235937123152326,ilvN-1
1268,MG1655,isobutyrate,0.1677231252188374,MG1655-3
