Reference Seq,Position,Mutation Type,Sequence Change,Gene,Function,Product,GO Process,GO Component,Mut ID,Details,TOL octanoic acid A1 F50 I1 R1,TOL octanoic acid A1 F50 I2 R1,TOL octanoic acid A1 F50 I3 R1,TOL octanoic acid A2 F50 I1 R1,TOL octanoic acid A2 F50 I2 R1,TOL octanoic acid A2 F50 I3 R1,TOL octanoic acid A3 F50 I1 R1,TOL octanoic acid A3 F50 I2 R1,TOL octanoic acid A3 F50 I3 R1,TOL octanoic acid A4 F50 I1 R1,TOL octanoic acid A4 F50 I2 R1,TOL octanoic acid A4 F50 I3 R1,TOL octanoic acid A5 F50 I1 R1,TOL octanoic acid A5 F50 I2 R1,TOL octanoic acid A5 F50 I3 R1,TOL octanoic acid A6 F50 I1 R1,TOL octanoic acid A6 F50 I2 R1,TOL octanoic acid A6 F50 I3 R1,TOL octanoic acid A7 F50 I1 R1,TOL octanoic acid A7 F50 I2 R1
NC_000913,"942,738",SNP,C→T,dmsA,,,,,186880,R594W (CGG→TGG) ,,,,,,,,,,,,,1.00,1.00,1.00,,,,,
NC_000913,"1,010,679",SNP,A→G,uup,,,,,186881,D239G (GAC→GGC) ,,,,,,,,,,,,,1.00,,1.00,,,,,
NC_000913,"339,842",SNP,T→C,"yahG, yahI",,,,,83970,intergenic (+99/‑323),,,,,,,,,,,,,1.00,1.00,1.00,,,,,
NC_000913,"339,848",SNP,T→C,"yahG, yahI",,,,,83971,intergenic (+105/‑317),,,,,,,,,,,,,1.00,1.00,1.00,,,,,
NC_000913,"1,259,406",SNP,G→A,dauA,,,,,186884,G466G (GGC→GGT) ,,,,,,,,,,,,,1.00,1.00,1.00,,,,,
NC_000913,"1,270,861",SNP,A→G,chaA,,,,,186885,V330A (GTG→GCG) ,,,,,,,,,,,,,1.00,1.00,1.00,,,,,
NC_000913,"1,307,516",SNP,A→G,clsA,,,,,186886,V377A (GTC→GCC) ,,,,,,,,,,,,,1.00,1.00,1.00,,,,,
NC_000913,"1,407,641",SNP,A→G,ydaM,,,,,186887,V52A (GTC→GCC) ,,,,,,,,,,,,,1.00,1.00,1.00,,,,,
NC_000913,"1,419,721",DEL,(G)7→6,"ydaG, racR",,,,,186888,intergenic (‑265/+44),,,,,,,,,,,,,1.00,1.00,1.00,,,,,
NC_000913,"1,444,706",SNP,C→T,ydbH,,,,,186889,G552G (GGC→GGT) ,,,,,,,,,,,,,1.00,1.00,1.00,,,,,
NC_000913,"1,449,092",SNP,A→G,tynA,,,,,186890,L753P (CTG→CCG) ,,,,,,,,,,,,,1.00,1.00,1.00,,,,,
NC_000913,"1,472,600",SNP,T→C,ydbA,,,,,186891,pseudogene (2084/3497 nt),,,,,,,,,,,,,,,1.00,,,,,
NC_000913,"1,490,800",SNP,A→G,"gapC, cybB",,,,,186892,intergenic (‑87/‑102),,,,,,,,,,,,,1.00,,1.00,,,,,
NC_000913,"1,132,321",SNP,C→T,flgD,,,,,186882,T156T (ACC→ACT) ,,,,,,,,,,,,,1.00,1.00,1.00,,,,,
NC_000913,"1,496,777",SNP,T→C,"ydcJ, opgD",,,,,186894,intergenic (+146/‑79),,,,,,,,,,,,,1.00,1.00,1.00,,,,,
NC_000913,"1,570,469",SNP,T→C,gadC,,,,,186895,T7T (ACA→ACG) ,,,,,,,,,,,,,,,1.00,,,,,
NC_000913,"1,594,053",INS,(C)6→7,yneO,,,,,186896,pseudogene (73/1461 nt),,,,,,,,,,,,,1.00,,1.00,,,,,
NC_000913,"1,595,660",SNP,A→G,yneO,,,,,186897,pseudogene (2328/3861 nt),,,,,,,,,,,,,1.00,1.00,1.00,,,,,
NC_000913,"1,636,877",SNP,T→C,ynfO,,,,,186898,V41A (GTC→GCC) ,,,,,,,,,,,,,1.00,,1.00,,,,,
NC_000913,"1,639,617",SNP,T→C,rrrQ,,,,,186899,G147G (GGA→GGG) ,,,,,,,,,,,,,1.00,1.00,1.00,,,,,
NC_000913,"1,646,854",SNP,C→T,"flxA, intK",,,,,186900,intergenic (+117/+320),,,,,,,,,,,,,1.00,1.00,1.00,,,,,
NC_000913,"1,664,083",SNP,T→C,ynfH,,,,,186901,L159L (TTG→CTG) ,,,,,,,,,,,,,1.00,,1.00,,,,,
NC_000913,"1,691,784",SNP,A→G,uidC,,,,,186902,S356S (AGT→AGC) ,,,,,,,,,,,,,1.00,1.00,1.00,,,,,
NC_000913,"1,710,621",SNP,G→A,rsxG,,,,,186903,D140N (GAC→AAC) ,,,,,,,,,,,,,1.00,,1.00,,,,,
NC_000913,"1,714,326",DEL,(T)9→8,"dtpA, gstA",,,,,186904,intergenic (+55/‑51),,,,,,,,,,,,,1.00,1.00,1.00,,,,,
NC_000913,"1,719,070",SNP,A→G,anmK,,,,,186905,I178T (ATT→ACT) ,,,,,,,,,,,,,1.00,,1.00,,,,,
NC_000913,"1,833,205",SNP,G→A,xthA,,,,,186906,A260T (GCC→ACC) ,,,,,,,,,,,,,1.00,1.00,1.00,,,,,
NC_000913,"1,862,504",DEL,Δ1 bp,"msrB, gapA",,,,,186907,intergenic (‑75/‑267),,,,,,,,,,,,,,,1.00,,,,,
NC_000913,"1,877,132",SNP,A→G,yeaO,,,,,186908,H75R (CAC→CGC) ,,,,,,,,,,,,,1.00,1.00,1.00,,,,,
NC_000913,"1,967,082",SNP,T→C,cheY,,,,,186909,K119R (AAA→AGA) ,,,,,,,,,,,,,1.00,1.00,1.00,,,,,
NC_000913,"2,045,143",SNP,T→C,yeeJ,,,,,186910,V69A (GTG→GCG) ,,,,,,,,,,,,,,,1.00,,,,,
NC_000913,"1,597,313",INS,(C)7→8,yneO,,,,,122885,pseudogene (675/3861 nt),,,,,,,,,,,,,1.00,1.00,1.00,,,,,
NC_000913,"2,114,010",SNP,T→C,wcaN,,,,,186912,E106E (GAA→GAG) ,,,,,,,,,,,,,,,1.00,,,,,
NC_000913,"2,130,464",SNP,T→C,wcaD,,,,,186913,T139A (ACC→GCC) ,,,,,,,,,,,,,1.00,,1.00,,,,,
NC_000913,"2,140,009",SNP,T→C,asmA,,,,,186914,D535G (GAC→GGC) ,,,,,,,,,,,,,1.00,1.00,1.00,,,,,
NC_000913,"2,160,028",SNP,C→T,mdtC,,,,,186915,P548L (CCG→CTG) ,,,,,,,,,,,,,1.00,,1.00,,,,,
NC_000913,"2,210,118",SNP,T→C,yehQ,,,,,186916,pseudogene (1019/2001 nt),,,,,,,,,,,,,1.00,,1.00,,,,,
NC_000913,"2,223,301",SNP,T→C,dld,,,,,186917,F373L (TTC→CTC) ,,,,,,,,,,,,,1.00,1.00,1.00,,,,,
NC_000913,"2,264,624",SNP,C→T,setB,,,,,186918,A254A (GCC→GCT) ,,,,,,,,,,,,,1.00,1.00,1.00,,,,,
NC_000913,"2,279,534",SNP,G→A,bcr,,,,,186919,P76L (CCG→CTG) ,,,,,,,,,,,,,1.00,,1.00,,,,,
NC_000913,"2,464,296",SNP,C→T,mlaA,,,,,186920,A238T (GCA→ACA) ,,,,,,,,,,,,,,,1.00,,,,,
NC_000913,"2,536,495",SNP,G→A,pdxK,,,,,186921,A248V (GCG→GTG) ,,,,,,,,,,,,,1.00,1.00,1.00,,,,,
NC_000913,"2,575,242",SNP,A→G,eutP,,,,,186922,H72H (CAT→CAC) ,,,,,,,,,,,,,1.00,1.00,1.00,,,,,
NC_000913,"2,657,699",SNP,T→C,hscA,,,,,186923,T413A (ACC→GCC) ,,,,,,,,,,,,,,,1.00,,,,,
NC_000913,"2,665,669",SNP,A→G,csiE,,,,,186924,T79A (ACA→GCA) ,,,,,,,,,,,,,1.00,,1.00,,,,,
NC_000913,"2,747,020",SNP,G→A,ffh,,,,,186925,A259V (GCG→GTG) ,,,,,,,,,,,,,1.00,1.00,1.00,,,,,
NC_000913,"2,809,534",SNP,T→C,"ygaY, ygaZ",,,,,186926,intergenic (+41/‑83),,,,,,,,,,,,,1.00,1.00,1.00,,,,,
NC_000913,"2,812,356",SNP,T→C,emrA,,,,,186927,G310G (GGT→GGC) ,,,,,,,,,,,,,1.00,1.00,1.00,,,,,
NC_000913,"2,832,456",SNP,C→T,"norR, norV",,,,,186928,intergenic (‑167/‑20),,,,,,,,,,,,,1.00,1.00,1.00,,,,,
NC_000913,"2,858,929",SNP,A→C,mutS,,,,,186929,T613P (ACC→CCC) ,,,,,,,,,,,,,1.00,1.00,1.00,,,,,
NC_000913,"2,913,035",SNP,A→G,relA,,,,,186930,L206P (CTC→CCC) ,,,,,,,,,,,,,1.00,1.00,1.00,,,,,
NC_000913,"2,913,196",SNP,T→C,relA,,,,,186931,K152K (AAA→AAG) ,,,,,,,,,,,,,1.00,1.00,1.00,,,,,
NC_000913,"3,018,356",DEL,(GTC)4→3,ygfK,,,,,186932,coding (2297‑2299/3099 nt),,,,,,,,,,,,,1.00,1.00,1.00,,,,,
NC_000913,"3,350,184",INS,(C)7→8,elbB,,,,,186933,coding (276/654 nt),,,,,,,,,,,,,1.00,1.00,1.00,,,,,
NC_000913,"3,356,384",SNP,T→C,gltB,,,,,186934,S554P (TCG→CCG) ,,,,,,,,,,,,,1.00,1.00,1.00,,,,,
NC_000913,"3,400,928",SNP,C→T,mreB,,,,,186935,A54T (GCA→ACA) ,,,,,,,,,,,,,1.00,1.00,1.00,,,,,
NC_000913,"3,404,872",SNP,T→C,yrdE,,,,,186936,pseudogene (141/300 nt),,,,,,,,,,,,,1.00,1.00,1.00,,,,,
NC_000913,"3,439,982",SNP,A→G,rplQ,,,,,186937,S6S (AGT→AGC) ,,,,,,,,,,,,,1.00,1.00,1.00,,,,,
NC_000913,"3,440,068",SNP,C→T,rpoA,,,,,186938,W321* (TGG→TAG) ,,,,,,,,,,,,,1.00,,1.00,,,,,
NC_000913,"3,440,822",SNP,T→C,rpoA,,,,,186939,T70A (ACC→GCC) ,,,,,,,,,,,,,1.00,,1.00,,,,,
NC_000913,"3,462,301",SNP,A→G,gspI,,,,,186940,T110A (ACG→GCG) ,,,,,,,,,,,,,1.00,1.00,1.00,,,,,
NC_000913,"3,486,190",SNP,A→G,crp,,,,,186941,Y24C (TAC→TGC) ,,,,,,,,,,,,,1.00,1.00,1.00,,,,,
NC_000913,"3,497,615",SNP,T→C,nirC,,,,,186942,F205L (TTC→CTC) ,,,,,,,,,,,,,1.00,1.00,1.00,,,,,
NC_000913,"3,505,884",SNP,A→G,yhfS,,,,,186943,L46P (CTG→CCG) ,,,,,,,,,,,,,1.00,1.00,1.00,,,,,
NC_000913,"3,588,203",SNP,A→G,ugpC,,,,,186944,H326H (CAT→CAC) ,,,,,,,,,,,,,1.00,1.00,1.00,,,,,
NC_000913,"3,606,883",SNP,G→A,zntA,,,,,186945,E145K (GAG→AAG) ,,,,,,,,,,,,,1.00,1.00,1.00,,,,,
NC_000913,"3,629,003",SNP,T→C,rbbA,,,,,186946,D179G (GAC→GGC) ,,,,,,,,,,,,,1.00,1.00,1.00,,,,,
NC_000913,"3,831,451",SNP,A→G,yicH,,,,,186947,E332G (GAA→GGA) ,,,,,,,,,,,,,,,1.00,,,,,
NC_000913,"3,844,146",SNP,T→C,adeD,,,,,186948,G61G (GGT→GGC) ,,,,,,,,,,,,,1.00,1.00,1.00,,,,,
NC_000913,"3,903,155",SNP,C→T,bglB,,,,,186949,G183S (GGC→AGC) ,,,,,,,,,,,,,1.00,,1.00,,,,,
NC_000913,"3,967,132",SNP,A→G,rho,,,,,186950,H239R (CAC→CGC) ,,,,,,,,,,,,,1.00,1.00,1.00,,,,,
NC_000913,"4,106,405",SNP,T→C,"cpxP, fieF",,,,,186951,intergenic (+85/‑64),,,,,,,,,,,,,1.00,1.00,1.00,,,,,
NC_000913,"4,109,551",SNP,C→T,sbp,,,,,186952,P240S (CCA→TCA) ,,,,,,,,,,,,,1.00,1.00,1.00,,,,,
NC_000913,"4,114,622",SNP,A→G,glpX,,,,,186953,S320P (TCC→CCC) ,,,,,,,,,,,,,1.00,1.00,1.00,,,,,
NC_000913,"4,134,394",SNP,A→G,katG,,,,,186954,D187G (GAC→GGC) ,,,,,,,,,,,,,1.00,1.00,1.00,,,,,
NC_000913,"4,180,463",SNP,T→C,rplJ,,,,,186955,A156A (GCT→GCC) ,,,,,,,,,,,,,1.00,1.00,1.00,,,,,
NC_000913,"4,346,191",SNP,A→G,fumB,,,,,186956,V379A (GTA→GCA) ,,,,,,,,,,,,,,,1.00,,,,,
NC_000913,"4,381,504",SNP,T→C,frdA,,,,,186957,E272G (GAA→GGA) ,,,,,,,,,,,,,1.00,1.00,1.00,,,,,
NC_000913,"4,382,478",SNP,C→A,"frdA, epmA",,,,,186958,intergenic (‑160/‑165),,,,,,,,,,,,,,,1.00,,,,,
NC_000913,"1,494,068",SNP,A→G,trg,,,,,186893,E533E (GAA→GAG) ,,,,,,,,,,,,,1.00,,1.00,,,,,
NC_000913,"4,485,819",SNP,C→T,pepA,,,,,186960,A45T (GCC→ACC) ,,,,,,,,,,,,,1.00,1.00,1.00,,,,,
NC_000913,"4,533,553",SNP,A→G,yjhQ,,,,,186961,L78L (TTG→CTG) ,,,,,,,,,,,,,1.00,,1.00,,,,,
NC_000913,"4,600,526",SNP,A→G,dnaC,,,,,186962,G150G (GGT→GGC) ,,,,,,,,,,,,,,,1.00,,,,,
NC_000913,"4,619,018",SNP,A→G,deoA,,,,,186963,T264A (ACG→GCG) ,,,,,,,,,,,,,1.00,1.00,1.00,,,,,
NC_000913,"665,850",SNP,G→T,mrdB,,,,,186964,A155D (GCT→GAT) ,,,,,,,1.00,1.00,,,,,,,,,,,,
NC_000913,"4,033,217",SNP,G→A,trkH,,,,,186965,G25R (GGG→AGG) ,,,,,,,1.00,1.00,,,,,,,,,,,,
NC_000913,"1,293,196",MOB,IS5 (–) +4 bp,"hns, tdk",,,,,186966,intergenic (‑274/‑328),,,,,,,,,,,1.00,,,,,,,,,
NC_000913,"1,416,518",MOB,IS5 (–) +4 bp,recE,,,,,186967,coding (866‑869/2601 nt),,,,,,,,,,,1.00,,,,,,,,,
NC_000913,"2,469,647",MOB,IS5 (+) +4 bp,gtrS,,,,,186968,coding (517‑520/1332 nt),,,,,,,,,,,1.00,,,,,,,,,
NC_000913,"1,198,498",DEL,(AATGATGA)6→5,"ymfE, lit",,,,,186969,intergenic (‑261/‑190),,1.00,1.00,,,,,,,,,,,,,,,,,
NC_000913,"1,356,297",SNP,A→T,sapA,,,,,186970,W272R (TGG→AGG) ,,1.00,1.00,,,,,,,,,,,,,,,,,
NC_000913,"34,120",DEL,(T)9→8,"carB, caiF",,,,,186971,intergenic (+82/‑180),,,,,,,,,,,,,1.00,,,,,,,
NC_000913,"132,486",SNP,C→T,acnB,,,,,186972,A291V (GCA→GTA) ,,,,,,,,,,,,,1.00,,,,,,,
NC_000913,"217,738",SNP,C→T,proS,,,,,186973,P346P (CCG→CCA) ,,,,,,,,,,,,,1.00,,,,,,,
NC_000913,"446,780",INS,(A)6→7,"yajR, cyoE",,,,,186974,intergenic (‑114/+35),,,,,,,,,,,,,1.00,,,,,,,
NC_000913,"986,147",SNP,A→G,ompF,,,,,186975,V279A (GTT→GCT) ,,,,,,,,,,,,,1.00,,,,,,,
NC_000913,"1,855,321",SNP,A→G,ydjG,,,,,186976,Y217Y (TAT→TAC) ,,,,,,,,,,,,,1.00,,,,,,,
NC_000913,"2,695,585",INS,(G)7→8,"purL, mltF",,,,,186977,intergenic (‑42/‑216),,,,,,,,,,,,,1.00,,,,,,,
NC_000913,"2,973,783",SNP,G→A,lplT,,,,,186978,A27V (GCG→GTG) ,,,,,,,,,,,,,1.00,,,,,,,
NC_000913,"3,157,712",INS,(C)6→7,yqhG,,,,,186979,coding (63/927 nt),,,,,,,,,,,,,1.00,,,,,,,
NC_000913,"3,346,796",SNP,T→C,ptsN,,,,,186980,H73H (CAT→CAC) ,,,,,,,,,,,,,1.00,,,,,,,
NC_000913,"774,243",INS,+T,cydX,,,,,186981,coding (48/114 nt),,,,1.00,,,,,,,,,,,,,,,,
NC_000913,"2,803,042",SNP,G→A,nrdE,,,,,186982,M565I (ATG→ATA) ,,,,1.00,,,,,,,,,,,,,,,,
NC_000913,"2,469,636",MOB,IS5 (+) +4 bp,gtrS,,,,,186983,coding (506‑509/1332 nt),,,,,,,,,,1.00,,,,,,,,,,
NC_000913,"2,290,201",MOB,IS5 (–) +4 bp,"yejO, narP",,,,,186984,intergenic (‑21/‑296),,1.00,,,,,,,,,,,,,,,,,,
NC_000913,"184,461",SNP,A→G,yaeI,,,,,186985,D203D (GAT→GAC) ,,,,,,,,,,,,,,1.00,,,,,,
NC_000913,"296,092",SNP,A→G,intF,,,,,186986,R335R (CGT→CGC) ,,,,,,,,,,,,,,1.00,,,,,,
NC_000913,"514,850",SNP,A→G,ybbJ,,,,,186987,L4L (TTA→CTA) ,,,,,,,,,,,,,,1.00,,,,,,
NC_000913,"607,918",SNP,T→C,hokE,,,,,186988,L28P (CTG→CCG) ,,,,,,,,,,,,,,1.00,,,,,,
NC_000913,"701,829",SNP,C→T,nagA,,,,,186989,G308D (GGT→GAT) ,,,,,,,,,,,,,,1.00,,,,,,
NC_000913,"831,064",SNP,A→G,rhlE,,,,,186990,T65A (ACT→GCT) ,,,,,,,,,,,,,,1.00,,,,,,
NC_000913,"851,798",SNP,A→G,opgE,,,,,186991,L267P (CTT→CCT) ,,,,,,,,,,,,,,1.00,,,,,,
NC_000913,"891,425",SNP,C→T,nfsA,,,,,186992,A81V (GCC→GTC) ,,,,,,,,,,,,,,1.00,,,,,,
NC_000913,"1,039,933",SNP,T→C,cbdB,,,,,186993,L213P (CTG→CCG) ,,,,,,,,,,,,,,1.00,,,,,,
NC_000913,"1,151,990",SNP,G→A,fabF,,,,,186994,G18S (GGC→AGC) ,,,,,,,,,,,,,,1.00,,,,,,
NC_000913,"1,325,514",SNP,T→C,yciQ,,,,,186995,F257L (TTC→CTC) ,,,,,,,,,,,,,,1.00,,,,,,
NC_000913,"1,337,147",SNP,T→C,acnA,,,,,186996,S439S (TCT→TCC) ,,,,,,,,,,,,,,1.00,,,,,,
NC_000913,"1,362,090",SNP,T→C,puuR,,,,,186997,G60G (GGT→GGC) ,,,,,,,,,,,,,,1.00,,,,,,
NC_000913,"1,568,820",SNP,C→T,yddW,,,,,186998,D2N (GAT→AAT) ,,,,,,,,,,,,,,1.00,,,,,,
NC_000913,"1,896,966",MOB,IS186 (–) +4 bp,sdaA,,,,,186999,coding (35‑38/1365 nt),,,,,,,,,,,,,,1.00,,,,,,
NC_000913,"2,194,467",SNP,T→C,metG,,,,,187000,G56G (GGT→GGC) ,,,,,,,,,,,,,,1.00,,,,,,
NC_000913,"2,238,821",SNP,T→C,mglA,,,,,187001,M157V (ATG→GTG) ,,,,,,,,,,,,,,1.00,,,,,,
NC_000913,"2,520,452",SNP,T→C,gltX,,,,,187002,Y74C (TAC→TGC) ,,,,,,,,,,,,,,1.00,,,,,,
NC_000913,"2,845,283",SNP,T→C,hycE,,,,,187003,S397G (AGC→GGC) ,,,,,,,,,,,,,,1.00,,,,,,
NC_000913,"3,139,839",SNP,G→A,hybG,,,,,187004,A42A (GCC→GCT) ,,,,,,,,,,,,,,1.00,,,,,,
NC_000913,"3,208,868",SNP,T→C,ttdT,,,,,187005,L282P (CTC→CCC) ,,,,,,,,,,,,,,1.00,,,,,,
NC_000913,"3,217,866",SNP,G→A,aer,,,,,187006,A404V (GCC→GTC) ,,,,,,,,,,,,,,1.00,,,,,,
NC_000913,"3,368,335",SNP,T→C,yhcG,,,,,187007,V170A (GTT→GCT) ,,,,,,,,,,,,,,1.00,,,,,,
NC_000913,"3,531,670",SNP,A→G,yhgE,,,,,187008,L257P (CTG→CCG) ,,,,,,,,,,,,,,1.00,,,,,,
NC_000913,"3,925,230",SNP,A→G,mnmG,,,,,187009,V135A (GTG→GCG) ,,,,,,,,,,,,,,1.00,,,,,,
NC_000913,"3,960,675",MOB,IS2 (+) +5 bp,[rep],,,,,187010,,,,,,,,,,,,,,,1.00,,,,,,
NC_000913,"4,021,274",SNP,T→C,ubiB,,,,,187011,V350A (GTG→GCG) ,,,,,,,,,,,,,,1.00,,,,,,
NC_000913,"4,088,201",MOB,IS5 (+) +4 bp,frvR,,,,,187012,coding (1652‑1655/1749 nt),,,,,,,,,,,,,,1.00,,,,,,
NC_000913,"4,408,612",SNP,C→T,rnr,,,,,187013,S653S (AGC→AGT) ,,,,,,,,,,,,,,1.00,,,,,,
NC_000913,"4,480,290",SNP,T→C,yjgN,,,,,187014,G187G (GGT→GGC) ,,,,,,,,,,,,,,1.00,,,,,,
NC_000913,"4,552,715",SNP,G→A,uxuA,,,,,187015,L360L (CTG→CTA) ,,,,,,,,,,,,,,1.00,,,,,,
NC_000913,"308,054",INS,(C)7→8,ecpC,,,,,100538,coding (1279/2526 nt),,,,,,,,,,,,,1.00,,1.00,,,,,
NC_000913,"2,081,148",SNP,T→C,sbmC,,,,,186911,S39G (AGC→GGC) ,,,,,,,,,,,,,1.00,,1.00,,,,,
NC_000913,"3,815,808",DEL,(A)8→7,"pyrE, rph",,,,,59615,intergenic (‑40/+26),,,,,,,,,,,,,1.00,1.00,1.00,1.00,1.00,1.00,,
NC_000913,"4,556,769",DEL,(T)9→8,"yjiC, iraD",,,,,178919,intergenic (‑449/‑224),,,,,,,,,,,,,1.00,1.00,1.00,,,,,
NC_000913,"1,978,503",DEL,Δ776 bp,"insB1, insA",,,,,45297,,1.00,1.00,1.00,1.00,1.00,1.00,1.00,1.00,1.00,1.00,1.00,1.00,1.00,1.00,1.00,1.00,1.00,1.00,1.00,1.00
NC_000913,"3,440,923",SNP,C→T,rpoA,,,,,186644,G36D (GGC→GAC) ,1.00,1.00,1.00,,,,1.00,1.00,1.00,,,,,,,,,,,
NC_000913,"4,606,330",INS,(G)8→9,leuQ,,,,,178976,noncoding (72/87 nt),,,,,,,,,,,,,,1.00,,,,,,
NC_000913,"3,410,273",MOB,IS5 (–) +4 bp,"prmA, dusB",,,,,186843,intergenic (+322/‑4),,,,1.00,1.00,1.00,,,,,,,,,,,,,,
NC_000913,"1,212,088",INS,(C)8→9,"iraM, ycgX",,,,,47910,intergenic (‑85/+615),,,,,,,,,,,,,1.00,1.00,1.00,,,,,
NC_000913,"3,400,673",SNP,A→C,mreB,,,,,186844,F139V (TTC→GTC) ,1.00,1.00,1.00,,,,,,,,,,,,,,,,,
NC_000913,"1,151,492",INS,(G)6→7,"fabG, acpP",,,,,186883,intergenic (+88/‑123),,,,,,,,,,,,,,,1.00,,,,,
NC_000913,"4,186,115",INS,(TTCCGCTGG)1→2,rpoC,(),"(RNA polymerase, beta prime subunit)",(GO:0006350 - transcription),(GO:0005737 - cytoplasm),7526,coding (766/4224 nt),,,,1.00,1.00,1.00,,,,,,,,,,,,,,
NC_000913,"1,351,196",INS,(G)7→8,"fabI, ycjD",,,,,122733,intergenic (‑157/+211),,,,,,,,,,,,,1.00,1.00,1.00,,,,,
NC_000913,"4,186,605",SNP,A→C,rpoC,(),"(RNA polymerase, beta prime subunit)",(GO:0006350 - transcription),(GO:0005737 - cytoplasm),59785,H419P (CAC→CCC) ,,,,,,,,,,1.00,1.00,1.00,,,,1.00,1.00,1.00,,
NC_000913,"1,354,687",SNP,C→A,sapB,,,,,100273,V262F (GTT→TTT) ,1.00,,,,,,,,,,,,,,,,,,,
NC_000913,"1,200,772",SNP,A→G,intE,,,,,122808,V12A (GTC→GCC) ,,,,,,,,,,,,,1.00,,,,,,,
NC_000913,"483,535",SNP,C→T,acrB,,,,,186868,G290E (GGG→GAG) ,,,,,,,,,,,,,1.00,1.00,1.00,,,,,
NC_000913,"4,128,316",SNP,A→G,metJ,,,,,185812,V27A (GTT→GCT) ,,,,,,,,,,,,,1.00,1.00,1.00,,,,,
NC_000913,"1,168,895",SNP,C→T,"ycfQ, bhsA",,,,,186838,intergenic (‑63/‑178),,,,,,,,,,,,,,,,1.00,1.00,1.00,,
NC_000913,"2,460,805",SNP,G→A,yfcZ,,,,,186839,L44L (CTG→TTG) ,,,,,,,,,,,,,,,,,1.00,,,
NC_000913,"3,399,666",SNP,G→A,mreC,,,,,186840,R105C (CGC→TGC) ,,,,,,,,,,,,,,,,1.00,1.00,1.00,,
NC_000913,"3,410,240",DEL,Δ1 bp,"prmA, dusB",,,,,186841,intergenic (+289/‑40),,,,,,,,,,,,,,,,1.00,1.00,1.00,,
NC_000913,"668,691",SNP,C→A,rlmH,,,,,186842,G9* (GGA→TGA) ,,,,1.00,1.00,1.00,,,,,,,,,,,,,,
NC_000913,"4,407,982",SNP,T→C,rnr,,,,,186959,R443R (CGT→CGC) ,,,,,,,,,,,,,1.00,1.00,1.00,,,,,
NC_000913,"4,338,117",DEL,(A)8→7,"adiY, adiA",,,,,100877,intergenic (‑188/+137),,,,,,,,,,,,,1.00,1.00,1.00,,,,,
NC_000913,"4,222,091",MOB,IS1 (+) +9 bp,arpA,,,,,186845,coding (389‑397/2187 nt),1.00,,,,,,,,,,,,,,,,,,,
NC_000913,"1,311,924",SNP,T→C,yciA,,,,,186847,Y108C (TAT→TGT) ,,,,,,,,,,,,,,,,,,,,1.00
NC_000913,"2,469,886",MOB,IS1 (–) +9 bp,gtrS,,,,,186848,coding (756‑764/1332 nt),,,,,,,,,,,,,,,,,,,1.00,1.00
NC_000913,"4,400,417",SNP,A→T,hfq,,,,,186849,I44F (ATC→TTC) ,,,,,,,,,,,,,,,,,,,1.00,1.00
NC_000913,"1,594,132",DEL,(C)8→7,yneO,,,,,100834,pseudogene (3856/3861 nt),,,,,,,,,,,,,1.00,,,,,,,
NC_000913,"1,495,028",SNP,T→C,ydcI,,,,,186851,H15R (CAC→CGC) ,,,,,,,,,,1.00,1.00,1.00,,,,,,,,
NC_000913,"4,069,461",MOB,IS5 (+) +4 bp,"yihQ, yihR",,,,,186852,intergenic (‑185/+11),,,,,,,,,,1.00,1.00,1.00,,,,,,,,
NC_000913,"1,353,062",SNP,C→A,sapD,,,,,186855,M189I (ATG→ATT) ,,,,,,,,,1.00,,,,,,,,,,,
NC_000913,"3,400,300",SNP,G→A,mreB,,,,,186856,P263L (CCG→CTG) ,,,,,,,,,1.00,,,,,,,,,,,
NC_000913,"89,556",SNP,A→G,"cra, mraZ",,,,,186857,intergenic (+524/‑78),,,,,,,,,,,,,1.00,1.00,1.00,,,,,
NC_000913,"134,458",SNP,T→C,yacL,,,,,186858,V24A (GTC→GCC) ,,,,,,,,,,,,,1.00,1.00,1.00,,,,,
NC_000913,"170,334",SNP,T→C,fhuC,,,,,186859,V186A (GTG→GCG) ,,,,,,,,,,,,,1.00,1.00,1.00,,,,,
NC_000913,"187,251",SNP,G→A,glnD,,,,,186860,T467M (ACG→ATG) ,,,,,,,,,,,,,1.00,1.00,1.00,,,,,
NC_000913,"218,835",DEL,(A)8→7,"proS, tsaA",,,,,186861,intergenic (‑60/+52),,,,,,,,,,,,,1.00,1.00,1.00,,,,,
NC_000913,"277,333",SNP,A→G,mmuM,,,,,186862,T207A (ACG→GCG) ,,,,,,,,,,,,,1.00,1.00,1.00,,,,,
NC_000913,"284,450",SNP,A→G,yagF,,,,,186863,E417G (GAG→GGG) ,,,,,,,,,,,,,1.00,1.00,1.00,,,,,
NC_000913,"346,248",INS,(A)7→8,yahN,,,,,186864,coding (90/672 nt),,,,,,,,,,,,,1.00,1.00,1.00,,,,,
NC_000913,"376,673",SNP,T→C,"mhpT, yaiL",,,,,186865,intergenic (+3/‑99),,,,,,,,,,,,,1.00,1.00,1.00,,,,,
NC_000913,"384,199",SNP,C→T,yaiS,,,,,186866,V140I (GTT→ATT) ,,,,,,,,,,,,,1.00,1.00,1.00,,,,,
NC_000913,"404,111",INS,(G)5→6,yaiC,,,,,186867,coding (409/1116 nt),,,,,,,,,,,,,,,1.00,,,,,
NC_000913,"1,198,505",INS,(AATGATGA)6→7,"ymfE, lit",,,,,186356,intergenic (‑268/‑190),1.00,,,,,,,,,,,,,,,,,,,
NC_000913,"484,337",INS,(C)6→7,acrB,,,,,186869,coding (67/3150 nt),,,,,,,,,,,,,1.00,1.00,1.00,,,,,
NC_000913,"487,092",SNP,T→C,mscK,,,,,186870,L186P (CTG→CCG) ,,,,,,,,,,,,,1.00,1.00,1.00,,,,,
NC_000913,"657,377",SNP,T→C,cspE,,,,,186871,V29A (GTG→GCG) ,,,,,,,,,,,,,1.00,1.00,1.00,,,,,
NC_000913,"702,598",SNP,A→G,nagA,,,,,186872,S52P (TCC→CCC) ,,,,,,,,,,,,,1.00,,1.00,,,,,
NC_000913,"713,720",SNP,A→G,pgm,,,,,186873,S55G (AGC→GGC) ,,,,,,,,,,,,,1.00,1.00,1.00,,,,,
NC_000913,"736,382",SNP,T→C,"ybfC, ybfQ",,,,,186874,intergenic (+163/‑63),,,,,,,,,,,,,1.00,1.00,1.00,,,,,
NC_000913,"807,696",SNP,C→T,ybhB,,,,,186875,D72N (GAT→AAT) ,,,,,,,,,,,,,1.00,1.00,1.00,,,,,
NC_000913,"810,116",SNP,A→G,bioB,,,,,186876,Y258C (TAC→TGC) ,,,,,,,,,,,,,1.00,1.00,1.00,,,,,
NC_000913,"851,958",SNP,G→A,opgE,,,,,186877,P214S (CCG→TCG) ,,,,,,,,,,,,,,,1.00,,,,,
NC_000913,"878,968",SNP,A→G,yliI,,,,,186878,D76G (GAC→GGC) ,,,,,,,,,,,,,1.00,,1.00,,,,,
NC_000913,"886,290",SNP,A→G,ybjJ,,,,,186879,A350A (GCT→GCC) ,,,,,,,,,,,,,1.00,,1.00,,,,,
