Reference Seq,Position,Mutation Type,Sequence Change,Gene,Function,Product,GO Process,GO Component,Mut ID,Details,"TOL 2,3-butanediol A1 F50 I1 R1","TOL 2,3-butanediol A1 F50 I2 R1","TOL 2,3-butanediol A2 F50 I1 R1","TOL 2,3-butanediol A2 F50 I2 R1","TOL 2,3-butanediol A2 F50 I3 R1","TOL 2,3-butanediol A3 F50 I1 R1","TOL 2,3-butanediol A3 F50 I2 R1","TOL 2,3-butanediol A3 F50 I3 R1","TOL 2,3-butanediol A4 F50 I1 R1","TOL 2,3-butanediol A4 F50 I2 R1","TOL 2,3-butanediol A4 F50 I3 R1","TOL 2,3-butanediol A5 F50 I1 R1","TOL 2,3-butanediol A5 F50 I2 R1","TOL 2,3-butanediol A5 F50 I3 R1","TOL 2,3-butanediol A6 F50 I1 R1","TOL 2,3-butanediol A7 F50 I1 R1","TOL 2,3-butanediol A7 F50 I2 R1","TOL 2,3-butanediol A7 F50 I3 R1","TOL 2,3-butanediol A8 F50 I1 R1","TOL 2,3-butanediol A8 F50 I2 R1"
NC_000913,"2,884,593",SNP,T→C,ygcB,(),(),(GO:0006464 - protein modification process),(GO:0005737 - cytoplasm),71016,D876G (GAT→GGT) ,,,,,,,1.00,,,,,,,,,,,,,
NC_000913,"2,326,925",INS,(C)6→7,atoB,,,,,178308,coding (817/1185 nt),,,,,,1.00,,,,,,,,,,,,,,
NC_000913,"4,128,169",SNP,T→G,metJ,,,,,185565,D76A (GAT→GCT) ,,,,,,,,,,,1.00,,,1.00,,,,,,
NC_000913,"580,116",MOB,IS5 (–) +4 bp,"ybcW, ylcI",,,,,185497,intergenic (+30/+132),,,1.00,1.00,1.00,,,,,,,,,,,,,,,
NC_000913,"962,056",SNP,G→T,rpsA,,,,,185498,G21V (GGT→GTT) ,,,1.00,1.00,1.00,,,,,,,,,,,,,,,
NC_000913,"1,096,841",MOB,IS2 (–) +5 bp,"ycdU, serX",,,,,185499,intergenic (+12/+720),,,,1.00,,,,,,,,,,,,,,,,
NC_000913,"2,911,491",DEL,"Δ7,528 bp","[relA], rlmD, barA, [gudD]",,,,,185500,,1.00,1.00,1.00,1.00,1.00,1.00,1.00,1.00,,,1.00,,1.00,1.00,,1.00,1.00,1.00,,
NC_000913,"3,369,969",SNP,T→A,nanK,,,,,185501,T128S (ACC→TCC) ,1.00,1.00,1.00,1.00,1.00,1.00,1.00,1.00,,,1.00,,1.00,1.00,,1.00,1.00,1.00,,
NC_000913,"4,128,293",MOB,IS5 (+) +4 bp,metJ,,,,,185502,coding (100‑103/318 nt),,,1.00,1.00,1.00,,,,,,,,,,,,,,,
NC_000913,"4,186,152",SNP,T→G,rpoC,,,,,185503,L268R (CTG→CGG) ,,,1.00,1.00,1.00,,,,,,,,,,,1.00,1.00,1.00,,
NC_000913,"461,034",SNP,T→G,lon,,,,,185504,I716S (ATC→AGC) ,,,,,,,,,,,,,,,,,,,1.00,
NC_000913,"2,661,816",SNP,T→G,iscR,,,,,185505,T106P (ACC→CCC) ,,,,,,,,,,,,,,,,,,,1.00,1.00
NC_000913,"2,810,459",SNP,T→C,ygaH,,,,,185506,V39A (GTA→GCA) ,,,,,,,,,,,,,,,,,,,1.00,1.00
NC_000913,"2,913,641",SNP,A→T,relA,,,,,185507,V4E (GTA→GAA) ,,,,,,,,,,,,,,,,,,,1.00,1.00
NC_000913,"4,184,579",SNP,T→G,rpoB,,,,,185508,I1112S (ATC→AGC) ,,,,,,,,,,,,,,,,,,,1.00,1.00
NC_000913,"998,193",MOB,IS5 (+) +4 bp,elfA,,,,,185551,coding (326‑329/540 nt),1.00,1.00,,,,,,,,,,,,,,,,,,
NC_000913,"1,347,480",MOB,IS5 (+) +4 bp,rnb,,,,,185552,coding (1430‑1433/1935 nt),1.00,1.00,,,,,,,,,,,,,,,,,,
NC_000913,"2,794,550",SNP,T→G,gabP,,,,,185553,W100G (TGG→GGG) ,1.00,1.00,,,,,,,,,,,,,,,,,,
NC_000913,"4,128,380",SNP,C→A,metJ,,,,,185554,G6C (GGC→TGC) ,1.00,1.00,,,,,,,,,,,,,,,,,,
NC_000913,"4,182,583",SNP,C→T,rpoB,,,,,185555,H447Y (CAC→TAC) ,1.00,1.00,,,,,,,,,,,,,,,,,,
NC_000913,"484,102",INS,+AT,acrB,,,,,185556,coding (302/3150 nt),,,,,,,,,,,,,,,,,1.00,,,
NC_000913,"998,719",MOB,IS2 (–) +5 bp,elfD,,,,,185557,coding (230‑234/702 nt),,,,,,,,,,,,,,,,1.00,1.00,1.00,,
NC_000913,"1,931,499",MOB,IS5 (–) +4 bp,purT,,,,,185558,coding (619‑622/1179 nt),,,,,,,,,,,,,,,,,1.00,,,
NC_000913,"2,073,463",SNP,T→A,flu,,,,,185559,L642Q (CTG→CAG) ,,,,,,,,,,,,,,,,1.00,1.00,1.00,,
NC_000913,"4,128,386",SNP,A→C,metJ,,,,,185560,W4G (TGG→GGG) ,,,,,,,,,,,,,,,,1.00,1.00,1.00,,
NC_000913,"1,931,668",SNP,T→G,purT,,,,,185561,L263W (TTG→TGG) ,,,,,,,,,,,,,,,,1.00,,1.00,,
NC_000913,"3,178,128",SNP,T→G,tolC,,,,,185562,L5R (CTC→CGC) ,,,,,,,,,,,,,,,,1.00,,1.00,,
NC_000913,"3,668,878",MOB,IS2 (+) +5 bp,yhjA,,,,,185563,coding (307‑311/1398 nt),,,,,,,,,,,,,,,,1.00,,1.00,,
NC_000913,"4,466,841",MOB,IS5 (+) +4 bp,treR,,,,,185564,coding (403‑406/948 nt),,,,,,,,,,,,,,,,1.00,,1.00,,
NC_000913,"380,022",INS,(G)10→11,"frmR, yaiO",,,,,178554,intergenic (‑141/+47),,,,,,,,1.00,,,,,,,,,,,,
NC_000913,"4,186,274",SNP,A→T,rpoC,,,,,185566,N309Y (AAC→TAC) ,,,,,,,,,,,1.00,,1.00,1.00,,,,,,
NC_000913,"365,742",DEL,Δ1 bp,lacZ,,,,,185567,coding (564/3075 nt),,,,,,,,,,,,,,,,,,,,1.00
NC_000913,"4,128,212",SNP,A→G,metJ,,,,,185568,F62L (TTT→CTT) ,,,,,,,,,,,,,,,,,,,,1.00
NC_000913,"13,865",SNP,C→T,dnaK,,,,,185569,A568V (GCG→GTG) ,,,,,,1.00,1.00,1.00,,,,,,,,,,,,
NC_000913,"93,668",SNP,A→G,murE,,,,,185570,E168G (GAG→GGG) ,,,,,,1.00,1.00,1.00,,,,,,,,,,,,
NC_000913,"146,238",SNP,A→G,yadE,,,,,185571,K386K (AAA→AAG) ,,,,,,1.00,1.00,1.00,,,,,,,,,,,,
NC_000913,"150,128",SNP,A→G,yadC,,,,,185572,S276P (TCT→CCT) ,,,,,,1.00,1.00,1.00,,,,,,,,,,,,
NC_000913,"170,771",SNP,G→A,fhuD,,,,,185573,R66H (CGC→CAC) ,,,,,,1.00,1.00,1.00,,,,,,,,,,,,
NC_000913,"203,087",SNP,T→C,lpxA,,,,,185574,G176G (GGT→GGC) ,,,,,,1.00,1.00,1.00,,,,,,,,,,,,
NC_000913,"233,559",SNP,T→C,mltD,,,,,185575,T133A (ACG→GCG) ,,,,,,1.00,1.00,1.00,,,,,,,,,,,,
NC_000913,"241,939",SNP,A→G,fadE,,,,,185576,C455C (TGT→TGC) ,,,,,,,,1.00,,,,,,,,,,,,
NC_000913,"272,712",INS,(G)5→6,"insN, ykfC",,,,,185577,intergenic (+523/‑135),,,,,,1.00,1.00,1.00,,,,,,,,,,,,
NC_000913,"306,996",SNP,G→A,ecpC,,,,,185578,N779N (AAC→AAT) ,,,,,,1.00,1.00,1.00,,,,,,,,,,,,
NC_000913,"308,755",SNP,C→T,ecpC,,,,,185579,S193N (AGC→AAC) ,,,,,,1.00,1.00,1.00,,,,,,,,,,,,
NC_000913,"327,990",SNP,T→C,betB,,,,,185580,E248E (GAA→GAG) ,,,,,,1.00,1.00,1.00,,,,,,,,,,,,
NC_000913,"349,825",SNP,A→G,"prpB, prpC",,,,,185581,intergenic (+253/‑187),,,,,,,,1.00,,,,,,,,,,,,
NC_000913,"358,347",SNP,G→A,cynR,,,,,185582,A115V (GCG→GTG) ,,,,,,1.00,1.00,1.00,,,,,,,,,,,,
NC_000913,"359,143",SNP,T→C,cynT,,,,,185583,H115H (CAT→CAC) ,,,,,,1.00,1.00,1.00,,,,,,,,,,,,
NC_000913,"373,704",SNP,G→A,mhpF,,,,,185584,V262M (GTG→ATG) ,,,,,,1.00,1.00,1.00,,,,,,,,,,,,
NC_000913,"396,691",SNP,T→C,sbmA,,,,,185585,V18A (GTT→GCT) ,,,,,,1.00,1.00,1.00,,,,,,,,,,,,
NC_000913,"396,736",SNP,A→G,sbmA,,,,,185586,D33G (GAC→GGC) ,,,,,,,,1.00,,,,,,,,,,,,
NC_000913,"398,614",SNP,A→G,yaiW,,,,,185587,N248S (AAC→AGC) ,,,,,,1.00,1.00,1.00,,,,,,,,,,,,
NC_000913,"443,420",SNP,A→G,yajL,,,,,185588,G74G (GGT→GGC) ,,,,,,1.00,1.00,1.00,,,,,,,,,,,,
NC_000913,"471,467",SNP,A→G,mdlB,,,,,185589,T278A (ACC→GCC) ,,,,,,,,1.00,,,,,,,,,,,,
NC_000913,"483,728",DEL,Δ1 bp,acrB,,,,,185590,coding (676/3150 nt),,,,,,1.00,1.00,1.00,,,,,,,,,,,,
NC_000913,"485,845",INS,(G)5→6,acrR,,,,,185591,coding (85/648 nt),,,,,,1.00,1.00,1.00,,,,,,,,,,,,
NC_000913,"514,375",SNP,G→A,cueR,,,,,185592,G128D (GGC→GAC) ,,,,,,1.00,1.00,1.00,,,,,,,,,,,,
NC_000913,"516,951",SNP,G→A,fetB,,,,,185593,V123V (GTG→GTA) ,,,,,,,,1.00,,,,,,,,,,,,
NC_000913,"523,968",SNP,C→T,rhsD,,,,,185594,G236G (GGC→GGT) ,,,,,,,,1.00,,,,,,,,,,,,
NC_000913,"549,698",SNP,A→G,ylbF,,,,,185595,G24G (GGA→GGG) ,,,,,,1.00,1.00,1.00,,,,,,,,,,,,
NC_000913,"563,150",SNP,A→G,sfmH,,,,,185596,N272S (AAC→AGC) ,,,,,,1.00,1.00,1.00,,,,,,,,,,,,
NC_000913,"573,991",SNP,A→G,quuD,,,,,185597,G12G (GGA→GGG) ,,,,,,,,1.00,,,,,,,,,,,,
NC_000913,"577,451",SNP,T→C,essD,,,,,185598,G18G (GGT→GGC) ,,,,,,,,1.00,,,,,,,,,,,,
NC_000913,"592,635",SNP,A→G,nfrB,,,,,185599,F182L (TTC→CTC) ,,,,,,,,1.00,,,,,,,,,,,,
NC_000913,"597,758",INS,(G)5→6,cusB,,,,,185600,coding (280/1224 nt),,,,,,1.00,1.00,1.00,,,,,,,,,,,,
NC_000913,"613,412",SNP,C→T,fes,,,,,185601,P226S (CCC→TCC) ,,,,,,,1.00,1.00,,,,,,,,,,,,
NC_000913,"644,176",SNP,C→T,"rnk, rna",,,,,185602,intergenic (‑209/+21),,,,,,,,1.00,,,,,,,,,,,,
NC_000913,"646,110",SNP,A→G,citT,,,,,185603,P157P (CCT→CCC) ,,,,,,,1.00,1.00,,,,,,,,,,,,
NC_000913,"684,342",SNP,G→A,rihA,,,,,185604,A24V (GCC→GTC) ,,,,,,,1.00,1.00,,,,,,,,,,,,
NC_000913,"686,137",SNP,T→C,gltJ,,,,,185605,N178S (AAC→AGC) ,,,,,,1.00,1.00,1.00,,,,,,,,,,,,
NC_000913,"699,448",SNP,A→G,"asnB, umpH",,,,,185606,intergenic (‑271/+126),,,,,,,,1.00,,,,,,,,,,,,
NC_000913,"699,862",SNP,A→G,umpH,,,,,185607,A155A (GCT→GCC) ,,,,,,1.00,1.00,1.00,,,,,,,,,,,,
NC_000913,"701,461",INS,(G)5→6,nagC,,,,,185608,coding (134/1221 nt),,,,,,1.00,1.00,1.00,,,,,,,,,,,,
NC_000913,"712,946",SNP,C→T,"ybfF, seqA",,,,,185609,intergenic (‑144/‑41),,,,,,,,1.00,,,,,,,,,,,,
NC_000913,"732,614",SNP,A→G,rhsC,,,,,185610,D1011G (GAC→GGC) ,,,,,,,1.00,1.00,,,,,,,,,,,,
NC_000913,"752,861",MOB,IS5 (+) +4 bp,"ybgD, gltA",,,,,185611,intergenic (‑66/+321),,,,,,1.00,1.00,1.00,,,,,,,,,,,,
NC_000913,"768,591",SNP,T→C,mngB,,,,,185612,V205A (GTG→GCG) ,,,,,,1.00,1.00,1.00,,,,,,,,,,,,
NC_000913,"780,929",SNP,C→T,"lysW, valZ",,,,,185613,intergenic (+11/‑139),,,,,,1.00,1.00,1.00,,,,,,,,,,,,
NC_000913,"788,031",SNP,T→C,galM,,,,,185614,K269K (AAA→AAG) ,,,,,,,1.00,1.00,,,,,,,,,,,,
NC_000913,"798,688",SNP,C→T,pgl,,,,,185615,P35S (CCG→TCG) ,,,,,,1.00,1.00,1.00,,,,,,,,,,,,
NC_000913,"811,250",SNP,A→G,bioF,,,,,185616,A290A (GCA→GCG) ,,,,,,1.00,1.00,1.00,,,,,,,,,,,,
NC_000913,"832,662",SNP,T→C,ybiA,,,,,185617,M97V (ATG→GTG) ,,,,,,1.00,1.00,1.00,,,,,,,,,,,,
NC_000913,"846,072",SNP,T→C,glnQ,,,,,185618,H131R (CAT→CGT) ,,,,,,1.00,1.00,1.00,,,,,,,,,,,,
NC_000913,"902,979",SNP,C→T,artI,,,,,185619,V4I (GTT→ATT) ,,,,,,1.00,1.00,1.00,,,,,,,,,,,,
NC_000913,"904,502",SNP,T→C,"ybjP, ybjQ",,,,,185620,intergenic (‑35/‑91),,,,,,1.00,1.00,1.00,,,,,,,,,,,,
NC_000913,"911,132",SNP,A→G,"poxB, hcr",,,,,185621,intergenic (‑83/+50),,,,,,,,1.00,,,,,,,,,,,,
NC_000913,"927,406",SNP,A→G,aat,,,,,185622,H9H (CAT→CAC) ,,,,,,,,1.00,,,,,,,,,,,,
NC_000913,"944,703",SNP,G→A,dmsC,,,,,185623,G224D (GGT→GAT) ,,,,,,1.00,1.00,1.00,,,,,,,,,,,,
NC_000913,"973,216",SNP,C→T,elyC,,,,,185624,L62L (CTG→CTA) ,,,,,,1.00,1.00,1.00,,,,,,,,,,,,
NC_000913,"984,240",SNP,A→G,ycbL,,,,,185625,T197T (ACA→ACG) ,,,,,,,,1.00,,,,,,,,,,,,
NC_000913,"1,010,983",SNP,C→T,uup,,,,,185626,A340A (GCC→GCT) ,,,,,,1.00,1.00,1.00,,,,,,,,,,,,
NC_000913,"1,022,227",SNP,A→G,yccS,,,,,185627,Y553H (TAT→CAT) ,,,,,,1.00,1.00,1.00,,,,,,,,,,,,
NC_000913,"1,028,234",SNP,A→G,yccU,,,,,185628,T97A (ACT→GCT) ,,,,,,1.00,1.00,1.00,,,,,,,,,,,,
NC_000913,"1,042,663",SNP,A→G,etk,,,,,185629,R516R (CGT→CGC) ,,,,,,1.00,1.00,1.00,,,,,,,,,,,,
NC_000913,"1,046,051",SNP,A→G,gfcD,,,,,185630,V632A (GTA→GCA) ,,,,,,,,1.00,,,,,,,,,,,,
NC_000913,"1,072,718",SNP,A→G,rutB,,,,,185631,V49A (GTC→GCC) ,,,,,,1.00,1.00,1.00,,,,,,,,,,,,
NC_000913,"1,103,122",SNP,A→G,csgD,,,,,185632,A25A (GCT→GCC) ,,,,,,,,1.00,,,,,,,,,,,,
NC_000913,"1,119,351",SNP,C→T,yceO,,,,,185633,G33R (GGA→AGA) ,,,,,,1.00,1.00,1.00,,,,,,,,,,,,
NC_000913,"1,148,867",SNP,A→G,fabH,,,,,185634,T37A (ACC→GCC) ,,,,,,1.00,1.00,1.00,,,,,,,,,,,,
NC_000913,"1,151,418",SNP,A→G,"fabG, acpP",,,,,185635,intergenic (+14/‑197),,,,,,1.00,1.00,1.00,,,,,,,,,,,,
NC_000913,"1,174,596",SNP,A→G,ycfT,,,,,185636,S190S (AGT→AGC) ,,,,,,1.00,1.00,1.00,,,,,,,,,,,,
NC_000913,"1,192,714",SNP,A→G,mnmA,,,,,185637,C354R (TGC→CGC) ,,,,,,1.00,1.00,1.00,,,,,,,,,,,,
NC_000913,"1,213,552",SNP,A→G,bluR,,,,,185638,W170R (TGG→CGG) ,,,,,,,,1.00,,,,,,,,,,,,
NC_000913,"1,217,003",SNP,A→G,"ymgC, ycgG",,,,,185639,intergenic (+7/‑325),,,,,,1.00,1.00,1.00,,,,,,,,,,,,
NC_000913,"1,225,048",SNP,A→G,minD,,,,,185640,V105A (GTT→GCT) ,,,,,,1.00,1.00,1.00,,,,,,,,,,,,
NC_000913,"1,232,002",SNP,C→T,umuC,,,,,185641,R273W (CGG→TGG) ,,,,,,1.00,1.00,1.00,,,,,,,,,,,,
NC_000913,"1,243,818",DEL,(T)5→4,ycgR,,,,,185642,coding (710/735 nt),,,,,,,,1.00,,,,,,,,,,,,
NC_000913,"1,260,849",SNP,G→A,"dauA, prs",,,,,185643,intergenic (‑46/+79),,,,,,1.00,1.00,1.00,,,,,,,,,,,,
NC_000913,"1,265,331",SNP,A→G,prfA,,,,,185644,D107G (GAC→GGC) ,,,,,,1.00,1.00,1.00,,,,,,,,,,,,
NC_000913,"1,266,451",SNP,A→G,prmC,,,,,185645,T120A (ACC→GCC) ,,,,,,1.00,1.00,1.00,,,,,,,,,,,,
NC_000913,"1,302,933",SNP,C→T,oppB,,,,,185646,A12V (GCG→GTG) ,,,,,,1.00,1.00,1.00,,,,,,,,,,,,
NC_000913,"1,313,733",SNP,A→G,"yciC, ompW",,,,,185647,intergenic (‑70/‑287),,,,,,1.00,1.00,1.00,,,,,,,,,,,,
NC_000913,"1,369,520",SNP,T→C,pspD,,,,,185648,V43A (GTT→GCT) ,,,,,,1.00,1.00,1.00,,,,,,,,,,,,
NC_000913,"1,594,256",INS,(C)8→9,yneO,"(regulator; Murein sacculus, peptidoglycan)",(antitoxin of HipAB toxin-antitoxin system),(),(),68913,pseudogene (3732/3861 nt),,,,,,1.00,,,,,,,,,,,,,,
NC_000913,"1,412,534",SNP,T→C,intR,,,,,185650,E234E (GAA→GAG) ,,,,,,,,1.00,,,,,,,,,,,,
NC_000913,"1,417,189",SNP,A→G,recE,,,,,185651,A66A (GCT→GCC) ,,,,,,1.00,1.00,1.00,,,,,,,,,,,,
NC_000913,"1,421,185",SNP,T→C,ydaU,,,,,185652,Y23H (TAC→CAC) ,,,,,,,,1.00,,,,,,,,,,,,
NC_000913,"1,430,519",SNP,T→C,stfR,,,,,185653,S491P (TCA→CCA) ,,,,,,1.00,1.00,1.00,,,,,,,,,,,,
NC_000913,"1,435,623",SNP,A→G,"uspF, ompN",,,,,185654,intergenic (‑4/+137),,,,,,,1.00,1.00,,,,,,,,,,,,
NC_000913,"1,474,495",SNP,A→G,ydbC,,,,,185655,D92G (GAC→GGC) ,,,,,,1.00,1.00,1.00,,,,,,,,,,,,
NC_000913,"1,526,410",SNP,C→T,yncG,,,,,185656,T55I (ACA→ATA) ,,,,,,1.00,1.00,1.00,,,,,,,,,,,,
NC_000913,"1,527,726",SNP,A→G,"yncH, rhsE",,,,,185657,intergenic (+574/‑176),,,,,,,,1.00,,,,,,,,,,,,
NC_000913,"1,559,761",SNP,T→C,ddpC,,,,,185658,S50S (TCA→TCG) ,,,,,,1.00,1.00,1.00,,,,,,,,,,,,
NC_000913,"1,564,565",SNP,A→G,dosP,,,,,185659,L390P (CTG→CCG) ,,,,,,,1.00,1.00,,,,,,,,,,,,
NC_000913,"1,582,048",SNP,A→G,ydeN,,,,,185660,G159G (GGT→GGC) ,,,,,,1.00,1.00,1.00,,,,,,,,,,,,
NC_000913,"1,583,067",SNP,A→G,ydeO,,,,,185661,C207C (TGT→TGC) ,,,,,,1.00,1.00,1.00,,,,,,,,,,,,
NC_000913,"1,604,698",SNP,A→G,lsrD,,,,,185662,T218A (ACG→GCG) ,,,,,,1.00,1.00,1.00,,,,,,,,,,,,
NC_000913,"1,608,413",SNP,T→C,yneE,,,,,185663,T204A (ACG→GCG) ,,,,,,1.00,1.00,1.00,,,,,,,,,,,,
NC_000913,"1,618,274",SNP,C→T,marC,,,,,185664,G212D (GGC→GAC) ,,,,,,1.00,1.00,1.00,,,,,,,,,,,,
NC_000913,"1,618,445",SNP,A→G,marC,,,,,185665,V155A (GTA→GCA) ,,,,,,1.00,1.00,1.00,,,,,,,,,,,,
NC_000913,"1,621,321",SNP,C→T,"eamA, ydeE",,,,,185666,intergenic (‑184/‑11),,,,,,1.00,1.00,1.00,,,,,,,,,,,,
NC_000913,"1,632,369",SNP,T→C,"ydfJ, ydfK",,,,,185667,intergenic (‑84/‑703),,,,,,1.00,1.00,1.00,,,,,,,,,,,,
NC_000913,"1,659,314",SNP,A→G,ynfE,,,,,185668,T416A (ACC→GCC) ,,,,,,1.00,1.00,1.00,,,,,,,,,,,,
NC_000913,"1,663,917",SNP,G→A,ynfH,,,,,185669,V103V (GTG→GTA) ,,,,,,1.00,1.00,1.00,,,,,,,,,,,,
NC_000913,"1,698,229",SNP,T→C,malI,,,,,185670,M318V (ATG→GTG) ,,,,,,,1.00,1.00,,,,,,,,,,,,
NC_000913,"1,711,501",SNP,A→G,rsxE,,,,,185671,N225S (AAC→AGC) ,,,,,,1.00,1.00,1.00,,,,,,,,,,,,
NC_000913,"1,727,494",INS,(G)6→7,nemA,,,,,185672,coding (836/1098 nt),,,,,,1.00,1.00,1.00,,,,,,,,,,,,
NC_000913,"1,751,240",SNP,T→C,ydhW,,,,,185673,E162G (GAA→GGA) ,,,,,,1.00,1.00,1.00,,,,,,,,,,,,
NC_000913,"1,773,044",SNP,T→C,ydiN,,,,,185674,V178A (GTA→GCA) ,,,,,,,1.00,1.00,,,,,,,,,,,,
NC_000913,"1,790,475",SNP,T→C,ydiU,,,,,185675,Y257C (TAC→TGC) ,,,,,,1.00,1.00,1.00,,,,,,,,,,,,
NC_000913,"1,796,034",SNP,A→G,pheT,,,,,185676,R637R (CGT→CGC) ,,,,,,,1.00,1.00,,,,,,,,,,,,
NC_000913,"1,802,726",SNP,A→G,"thrS, arpB",,,,,185677,intergenic (‑156/‑368),,,,,,1.00,1.00,1.00,,,,,,,,,,,,
NC_000913,"1,803,324",DEL,(T)5→4,arpB,,,,,185678,pseudogene (231/426 nt),,,,,,,,1.00,,,,,,,,,,,,
NC_000913,"1,812,657",INS,(T)7→8,ydjO,,,,,185679,coding (476/804 nt),,,,,,1.00,1.00,1.00,,,,,,,,,,,,
NC_000913,"1,821,936",SNP,A→T,osmE,,,,,185680,D107E (GAT→GAA) ,,,,,,1.00,1.00,1.00,,,,,,,,,,,,
NC_000913,"1,824,020",SNP,T→C,cho,,,,,185681,L169P (CTG→CCG) ,,,,,,1.00,1.00,1.00,,,,,,,,,,,,
NC_000913,"1,859,148",SNP,A→G,ydjK,,,,,185682,F361S (TTC→TCC) ,,,,,,1.00,1.00,1.00,,,,,,,,,,,,
NC_000913,"1,865,882",SNP,A→G,mipA,,,,,185683,P197P (CCT→CCC) ,,,,,,,1.00,1.00,,,,,,,,,,,,
NC_000913,"1,908,423",SNP,C→T,yebO,,,,,185684,Q42Q (CAG→CAA) ,,,,,,1.00,1.00,1.00,,,,,,,,,,,,
NC_000913,"1,924,372",SNP,T→C,yebZ,,,,,185685,T74A (ACA→GCA) ,,,,,,,,1.00,,,,,,,,,,,,
NC_000913,"1,938,397",SNP,G→A,pykA,,,,,185686,R250H (CGT→CAT) ,,,,,,1.00,1.00,1.00,,,,,,,,,,,,
NC_000913,"1,953,303",SNP,T→C,cmoA,,,,,185687,M201T (ATG→ACG) ,,,,,,1.00,1.00,1.00,,,,,,,,,,,,
NC_000913,"1,967,611",INS,(C)5→6,cheB,,,,,185688,coding (891/1050 nt),,,,,,1.00,1.00,1.00,,,,,,,,,,,,
NC_000913,"2,009,257",SNP,T→C,yedE,,,,,185689,G327G (GGT→GGC) ,,,,,,1.00,1.00,1.00,,,,,,,,,,,,
NC_000913,"2,010,754",SNP,T→C,yedL,,,,,185690,V52A (GTA→GCA) ,,,,,,1.00,1.00,1.00,,,,,,,,,,,,
NC_000913,"2,063,636",SNP,T→C,cobT,,,,,185691,M278V (ATG→GTG) ,,,,,,,,1.00,,,,,,,,,,,,
NC_000913,"2,077,754",SNP,G→A,cbtA,,,,,185692,A62A (GCG→GCA) ,,,,,,1.00,1.00,1.00,,,,,,,,,,,,
NC_000913,"2,082,465",SNP,G→A,dacD,,,,,185693,S28L (TCA→TTA) ,,,,,,1.00,1.00,1.00,,,,,,,,,,,,
NC_000913,"2,104,750",SNP,T→C,wbbJ,,,,,185694,H112R (CAC→CGC) ,,,,,,1.00,1.00,1.00,,,,,,,,,,,,
NC_000913,"2,146,293",SNP,C→T,yegE,,,,,185695,R1010C (CGC→TGC) ,,,,,,,,1.00,,,,,,,,,,,,
NC_000913,"2,152,439",SNP,C→T,yegK,,,,,185696,G12R (GGA→AGA) ,,,,,,1.00,1.00,1.00,,,,,,,,,,,,
NC_000913,"2,158,566",SNP,T→C,mdtC,,,,,185697,S61P (TCT→CCT) ,,,,,,1.00,1.00,1.00,,,,,,,,,,,,
NC_000913,"2,168,248",SNP,A→G,yegR,,,,,185698,V20A (GTG→GCG) ,,,,,,,,1.00,,,,,,,,,,,,
NC_000913,"2,182,120",SNP,A→G,yegW,,,,,185699,V221A (GTG→GCG) ,,,,,,,1.00,1.00,,,,,,,,,,,,
NC_000913,"2,182,939",SNP,T→C,yegX,,,,,185700,D238G (GAC→GGC) ,,,,,,1.00,1.00,1.00,,,,,,,,,,,,
NC_000913,"2,209,276",SNP,G→A,yehQ,,,,,185701,pseudogene (177/2001 nt),,,,,,1.00,1.00,1.00,,,,,,,,,,,,
NC_000913,"2,209,868",SNP,A→G,yehQ,,,,,185702,pseudogene (769/2001 nt),,,,,,1.00,1.00,1.00,,,,,,,,,,,,
NC_000913,"2,236,037",SNP,G→A,preA,,,,,185703,G258D (GGT→GAT) ,,,,,,1.00,1.00,1.00,,,,,,,,,,,,
NC_000913,"2,243,790",SNP,T→C,"folE, yeiG",,,,,185704,intergenic (‑138/‑120),,,,,,1.00,1.00,1.00,,,,,,,,,,,,
NC_000913,"2,246,914",SNP,T→C,"cirA, lysP",,,,,185705,intergenic (‑145/+149),,,,,,1.00,1.00,1.00,,,,,,,,,,,,
NC_000913,"2,251,116",SNP,G→A,nfo,,,,,185706,D93N (GAT→AAT) ,,,,,,1.00,1.00,1.00,,,,,,,,,,,,
NC_000913,"2,265,230",SNP,A→G,yeiW,,,,,185707,G22G (GGT→GGC) ,,,,,,1.00,1.00,1.00,,,,,,,,,,,,
NC_000913,"2,268,435",SNP,G→A,yeiR,,,,,185708,A203T (GCC→ACC) ,,,,,,1.00,1.00,1.00,,,,,,,,,,,,
NC_000913,"2,270,278",SNP,T→C,mepS,,,,,185709,R100R (CGT→CGC) ,,,,,,1.00,1.00,1.00,,,,,,,,,,,,
NC_000913,"2,287,209",SNP,A→G,yejO,,,,,185710,pseudogene (1706/2525 nt),,,,,,,,1.00,,,,,,,,,,,,
NC_000913,"2,304,235",SNP,A→G,eco,,,,,185711,K111E (AAG→GAG) ,,,,,,1.00,1.00,1.00,,,,,,,,,,,,
NC_000913,"2,311,405",SNP,T→C,apbE,,,,,185712,T44A (ACC→GCC) ,,,,,,,,1.00,,,,,,,,,,,,
NC_000913,"2,323,537",SNP,A→G,atoD,,,,,185713,T31A (ACT→GCT) ,,,,,,,,1.00,,,,,,,,,,,,
NC_000913,"2,355,663",SNP,T→C,glpC,,,,,185714,L48P (CTG→CCG) ,,,,,,,,1.00,,,,,,,,,,,,
NC_000913,"2,360,846",INS,(C)5→6,rhmD,,,,,185715,coding (569/1206 nt),,,,,,,,1.00,,,,,,,,,,,,
NC_000913,"2,398,634",SNP,T→C,nuoG,,,,,185716,Q511R (CAG→CGG) ,,,,,,1.00,1.00,1.00,,,,,,,,,,,,
NC_000913,"2,401,795",SNP,G→A,nuoE,,,,,185717,R86R (CGC→CGT) ,,,,,,1.00,1.00,1.00,,,,,,,,,,,,
NC_000913,"2,437,826",SNP,A→G,pdxB,,,,,185718,M9T (ATG→ACG) ,,,,,,1.00,1.00,1.00,,,,,,,,,,,,
NC_000913,"2,445,152",SNP,G→A,yfcA,,,,,185719,R137C (CGC→TGC) ,,,,,,1.00,1.00,1.00,,,,,,,,,,,,
NC_000913,"2,459,668",SNP,T→C,fadI,,,,,185720,T268A (ACG→GCG) ,,,,,,1.00,1.00,1.00,,,,,,,,,,,,
NC_000913,"2,478,163",SNP,T→C,dsdX,,,,,185721,V106A (GTG→GCG) ,,,,,,1.00,1.00,1.00,,,,,,,,,,,,
NC_000913,"2,488,952",SNP,T→C,yfdE,,,,,185722,S73G (AGT→GGT) ,,,,,,1.00,1.00,1.00,,,,,,,,,,,,
NC_000913,"2,502,083",SNP,A→G,fryA,,,,,185723,R801R (CGT→CGC) ,,,,,,1.00,1.00,1.00,,,,,,,,,,,,
NC_000913,"2,502,713",SNP,C→T,fryA,,,,,185724,L591L (CTG→CTA) ,,,,,,1.00,1.00,1.00,,,,,,,,,,,,
NC_000913,"2,509,859",SNP,G→A,yfeO,,,,,185725,S77N (AGC→AAC) ,,,,,,,1.00,1.00,,,,,,,,,,,,
NC_000913,"2,516,313",SNP,T→C,yfeA,,,,,185726,Y507C (TAC→TGC) ,,,,,,,,1.00,,,,,,,,,,,,
NC_000913,"2,527,658",SNP,T→C,yfeH,,,,,185727,V238A (GTT→GCT) ,,,,,,1.00,1.00,1.00,,,,,,,,,,,,
NC_000913,"2,567,770",SNP,G→A,eutH,,,,,185728,A113V (GCG→GTG) ,,,,,,1.00,1.00,1.00,,,,,,,,,,,,
NC_000913,"2,576,775",SNP,T→C,maeB,,,,,185729,N535D (AAC→GAC) ,,,,,,1.00,1.00,1.00,,,,,,,,,,,,
NC_000913,"2,578,155",SNP,C→T,maeB,,,,,185730,A75T (GCG→ACG) ,,,,,,,,1.00,,,,,,,,,,,,
NC_000913,"2,581,825",SNP,T→C,ypfG,,,,,185731,Q318R (CAG→CGG) ,,,,,,1.00,1.00,1.00,,,,,,,,,,,,
NC_000913,"2,602,723",SNP,G→A,hyfB,,,,,185732,R302R (CGG→CGA) ,,,,,,1.00,1.00,1.00,,,,,,,,,,,,
NC_000913,"2,678,816",SNP,T→C,yphF,,,,,185733,E184E (GAA→GAG) ,,,,,,1.00,1.00,1.00,,,,,,,,,,,,
NC_000913,"2,707,777",SNP,C→T,rseC,,,,,185734,V9I (GTC→ATC) ,,,,,,1.00,1.00,1.00,,,,,,,,,,,,
NC_000913,"2,712,690",SNP,A→G,trmN,,,,,185735,C25C (TGT→TGC) ,,,,,,,,1.00,,,,,,,,,,,,
NC_000913,"2,714,456",SNP,T→C,yfiE,,,,,185736,S289G (AGT→GGT) ,,,,,,,,1.00,,,,,,,,,,,,
NC_000913,"2,740,735",SNP,A→G,aroF,,,,,185737,L139P (CTG→CCG) ,,,,,,1.00,1.00,1.00,,,,,,,,,,,,
NC_000913,"2,790,415",SNP,T→C,lhgO,,,,,185738,V145A (GTC→GCC) ,,,,,,,,1.00,,,,,,,,,,,,
NC_000913,"2,795,142",SNP,T→C,gabP,,,,,185739,V297A (GTA→GCA) ,,,,,,,,1.00,,,,,,,,,,,,
NC_000913,"2,807,897",SNP,A→G,proX,,,,,185740,T256A (ACC→GCC) ,,,,,,1.00,1.00,1.00,,,,,,,,,,,,
NC_000913,"2,811,185",SNP,T→C,mprA,,,,,185741,L139P (CTC→CCC) ,,,,,,1.00,1.00,1.00,,,,,,,,,,,,
NC_000913,"2,813,385",SNP,A→G,emrB,,,,,185742,N257S (AAC→AGC) ,,,,,,1.00,1.00,1.00,,,,,,,,,,,,
NC_000913,"2,819,577",SNP,A→G,alaS,,,,,185743,V812A (GTT→GCT) ,,,,,,1.00,1.00,1.00,,,,,,,,,,,,
NC_000913,"2,837,983",SNP,T→C,hydN,,,,,185744,L41L (TTA→TTG) ,,,,,,,,1.00,,,,,,,,,,,,
NC_000913,"2,849,543",SNP,G→A,hycB,,,,,185745,R103C (CGT→TGT) ,,,,,,,1.00,1.00,,,,,,,,,,,,
NC_000913,"2,862,791",SNP,T→C,ygbK,,,,,185746,Y153H (TAT→CAT) ,,,,,,1.00,1.00,1.00,,,,,,,,,,,,
NC_000913,"2,862,827",SNP,C→T,ygbK,,,,,185747,R165C (CGC→TGC) ,,,,,,1.00,1.00,1.00,,,,,,,,,,,,
NC_000913,"2,873,099",SUB,2 bp→CT,ygbE,,,,,185748,coding (238‑239/324 nt),,,,,,,,1.00,,,,,,,,,,,,
NC_000913,"2,923,308",SNP,T→C,truC,,,,,185749,G159G (GGA→GGG) ,,,,,,1.00,1.00,1.00,,,,,,,,,,,,
NC_000913,"2,937,090",SNP,T→C,fucI,,,,,185750,W503R (TGG→CGG) ,,,,,,,,1.00,,,,,,,,,,,,
NC_000913,"2,942,711",SNP,A→G,"gcvA, ygdI",,,,,185751,intergenic (‑144/+207),,,,,,1.00,1.00,1.00,,,,,,,,,,,,
NC_000913,"2,983,722",SNP,T→C,kduI,,,,,185752,T135A (ACG→GCG) ,,,,,,,,1.00,,,,,,,,,,,,
NC_000913,"2,986,699",SNP,T→C,yqeG,,,,,185753,L285L (TTG→CTG) ,,,,,,1.00,1.00,1.00,,,,,,,,,,,,
NC_000913,"2,994,461",DEL,(T)8→7,ygeK,,,,,185754,pseudogene (632/633 nt),,,,,,1.00,1.00,1.00,,,,,,,,,,,,
NC_000913,"3,000,899",SNP,A→G,xdhA,,,,,185755,E185E (GAA→GAG) ,,,,,,1.00,1.00,1.00,,,,,,,,,,,,
NC_000913,"3,012,391",SNP,T→C,yqeA,,,,,185756,*311Q (TAA→CAA) ,,,,,,1.00,1.00,1.00,,,,,,,,,,,,
NC_000913,"3,016,166",SNP,A→G,ygfK,,,,,185757,Y36C (TAC→TGC) ,,,,,,1.00,1.00,1.00,,,,,,,,,,,,
NC_000913,"3,019,115",SNP,T→C,ygfK,,,,,185758,V1019A (GTC→GCC) ,,,,,,1.00,1.00,1.00,,,,,,,,,,,,
NC_000913,"3,039,247",SNP,A→G,xerD,,,,,185759,V166A (GTG→GCG) ,,,,,,1.00,1.00,1.00,,,,,,,,,,,,
NC_000913,"3,049,805",INS,(T)5→6,gcvT,,,,,185760,coding (863/1095 nt),,,,,,1.00,1.00,1.00,,,,,,,,,,,,
NC_000913,"3,083,334",SNP,T→C,speB,,,,,185761,Y155C (TAT→TGT) ,,,,,,1.00,1.00,1.00,,,,,,,,,,,,
NC_000913,"3,108,362",SNP,G→A,speC,,,,,185762,A265V (GCG→GTG) ,,,,,,1.00,1.00,1.00,,,,,,,,,,,,
NC_000913,"3,113,403",SNP,A→G,yghG,,,,,185763,C25C (TGT→TGC) ,,,,,,1.00,1.00,1.00,,,,,,,,,,,,
NC_000913,"3,118,599",SNP,C→T,sslE,,,,,185764,V172I (GTT→ATT) ,,,,,,1.00,1.00,1.00,,,,,,,,,,,,
NC_000913,"3,130,088",SNP,T→G,yghO,,,,,185765,pseudogene (56/1101 nt),,,,,,1.00,1.00,1.00,,,,,,,,,,,,
NC_000913,"3,243,428",SNP,T→C,uxaC,,,,,185766,E438E (GAA→GAG) ,,,,,,1.00,1.00,1.00,,,,,,,,,,,,
NC_000913,"1,978,503",DEL,Δ776 bp,"insB1, insA",,,,,45297,,1.00,1.00,1.00,1.00,1.00,1.00,1.00,1.00,1.00,1.00,1.00,1.00,1.00,1.00,1.00,1.00,1.00,1.00,1.00,1.00
NC_000913,"3,246,757",SNP,C→T,exuR,,,,,185768,R36C (CGC→TGC) ,,,,,,1.00,1.00,1.00,,,,,,,,,,,,
NC_000913,"3,257,613",SNP,G→A,yhaO,,,,,185769,A133V (GCC→GTC) ,,,,,,1.00,1.00,1.00,,,,,,,,,,,,
NC_000913,"3,286,334",SNP,T→C,agaI,,,,,185770,L22P (CTT→CCT) ,,,,,,1.00,1.00,1.00,,,,,,,,,,,,
NC_000913,"3,288,276",SNP,A→G,yraI,,,,,185771,N63D (AAT→GAT) ,,,,,,1.00,1.00,1.00,,,,,,,,,,,,
NC_000913,"3,296,292",SNP,C→T,diaA,,,,,185772,R162C (CGC→TGC) ,,,,,,1.00,1.00,1.00,,,,,,,,,,,,
NC_000913,"3,311,736",SNP,G→A,"rpsO, truB",,,,,185773,intergenic (‑52/+97),,,,,,1.00,1.00,1.00,,,,,,,,,,,,
NC_000913,"3,359,379",SNP,T→C,gltD,,,,,185774,V61A (GTA→GCA) ,,,,,,,1.00,1.00,,,,,,,,,,,,
NC_000913,"3,363,151",SNP,T→C,yhcD,,,,,185775,G115G (GGT→GGC) ,,,,,,1.00,1.00,1.00,,,,,,,,,,,,
NC_000913,"3,376,341",INS,+G,sspB,,,,,185776,coding (436/498 nt),,,,,,1.00,1.00,1.00,,,,,,,,,,,,
NC_000913,"3,379,933",SNP,T→C,zapE,,,,,185777,D22G (GAC→GGC) ,,,,,,1.00,1.00,1.00,,,,,,,,,,,,
NC_000913,"3,416,884",SNP,G→A,acrF,,,,,185778,G618S (GGC→AGC) ,,,,,,,,1.00,,,,,,,,,,,,
NC_000913,"3,434,764",SNP,T→C,fmt,,,,,185779,L184S (TTG→TCG) ,,,,,,1.00,1.00,1.00,,,,,,,,,,,,
NC_000913,"3,508,245",SNP,T→C,php,,,,,185780,T116A (ACG→GCG) ,,,,,,1.00,1.00,1.00,,,,,,,,,,,,
NC_000913,"3,514,996",SNP,T→C,rpe,,,,,185781,T22A (ACC→GCC) ,,,,,,,,1.00,,,,,,,,,,,,
NC_000913,"1,931,977",SNP,T→G,purT,(enzyme; Purine ribonucleotide biosynthesis),(phosphoribosylglycinamide formyltransferase 2),(),(GO:0005737 - cytoplasm),59830,V366G (GTG→GGG) ,1.00,1.00,,,,,,,1.00,1.00,,1.00,,,,,,,,
NC_000913,"3,539,032",SNP,T→C,yhgF,,,,,185783,C550R (TGC→CGC) ,,,,,,,,1.00,,,,,,,,,,,,
NC_000913,"3,547,938",SNP,T→C,"gntT, malQ",,,,,185784,intergenic (+63/+48),,,,,,,,1.00,,,,,,,,,,,,
NC_000913,"3,554,511",SNP,T→C,malT,,,,,185785,L476P (CTG→CCG) ,,,,,,1.00,1.00,1.00,,,,,,,,,,,,
NC_000913,"3,555,945",SNP,A→G,rtcA,,,,,185786,V302A (GTC→GCC) ,,,,,,,,1.00,,,,,,,,,,,,
NC_000913,"3,636,796",SNP,C→A,yhiN,,,,,185787,Q205H (CAG→CAT) ,,,,,,1.00,1.00,1.00,,,,,,,,,,,,
NC_000913,"3,687,764",SNP,T→C,bcsC,,,,,185788,A470A (GCA→GCG) ,,,,,,1.00,1.00,1.00,,,,,,,,,,,,
NC_000913,"3,693,594",SNP,A→G,bcsA,,,,,185789,L548P (CTG→CCG) ,,,,,,,,1.00,,,,,,,,,,,,
NC_000913,"3,699,320",SNP,T→C,bcsG,,,,,185790,A369A (GCT→GCC) ,,,,,,1.00,1.00,1.00,,,,,,,,,,,,
NC_000913,"3,733,738",SNP,T→C,xylG,,,,,185791,V513A (GTC→GCC) ,,,,,,,,1.00,,,,,,,,,,,,
NC_000913,"3,785,668",SNP,C→T,gpmM,,,,,185792,L137L (CTG→TTG) ,,,,,,1.00,1.00,1.00,,,,,,,,,,,,
NC_000913,"3,844,363",SNP,T→C,adeD,,,,,185793,F134L (TTT→CTT) ,,,,,,,,1.00,,,,,,,,,,,,
NC_000913,"3,873,439",SNP,G→A,dgoA,,,,,185794,D58D (GAC→GAT) ,,,,,,1.00,1.00,1.00,,,,,,,,,,,,
NC_000913,"3,883,255",SNP,C→T,dnaA,,,,,185795,D159N (GAT→AAT) ,,,,,,1.00,1.00,1.00,,,,,,,,,,,,
NC_000913,"3,887,033",SNP,G→A,mnmE,,,,,185796,G69D (GGC→GAC) ,,,,,,1.00,1.00,1.00,,,,,,,,,,,,
NC_000913,"3,906,128",SNP,A→G,bglG,,,,,185797,V147A (GTG→GCG) ,,,,,,,,1.00,,,,,,,,,,,,
NC_000913,"3,913,871",SNP,T→C,glmU,,,,,185798,T444A (ACT→GCT) ,,,,,,1.00,1.00,1.00,,,,,,,,,,,,
NC_000913,"3,922,656",SNP,T→C,"atpI, rsmG",,,,,185799,intergenic (‑216/+401),,,,,,1.00,1.00,1.00,,,,,,,,,,,,
NC_000913,"3,925,611",SNP,T→C,mnmG,,,,,185800,D8G (GAC→GGC) ,,,,,,1.00,1.00,1.00,,,,,,,,,,,,
NC_000913,"3,930,513",SNP,T→C,ravA,,,,,185801,Q194R (CAG→CGG) ,,,,,,1.00,1.00,1.00,,,,,,,,,,,,
NC_000913,"3,966,830",SNP,G→A,rho,,,,,185802,P138P (CCG→CCA) ,,,,,,,,1.00,,,,,,,,,,,,
NC_000913,"3,967,246",SNP,T→C,rho,,,,,185803,V277A (GTT→GCT) ,,,,,,,1.00,1.00,,,,,,,,,,,,
NC_000913,"3,967,714",SNP,C→T,"rho, wecA",,,,,185804,intergenic (+38/‑202),,,,,,1.00,1.00,1.00,,,,,,,,,,,,
NC_000913,"3,969,685",SNP,A→G,wzzE,,,,,185805,I219V (ATC→GTC) ,,,,,,1.00,1.00,1.00,,,,,,,,,,,,
NC_000913,"3,970,062",SNP,C→T,wzzE,,,,,185806,R344R (CGC→CGT) ,,,,,,1.00,1.00,1.00,,,,,,,,,,,,
NC_000913,"3,991,678",SNP,T→C,cyaA,,,,,185807,S176P (TCC→CCC) ,,,,,,1.00,1.00,1.00,,,,,,,,,,,,
NC_000913,"3,998,071",SNP,G→T,uvrD,,,,,185808,G30V (GGC→GTC) ,,,,,,1.00,1.00,1.00,,,,,,,,,,,,
NC_000913,"4,009,349",SNP,C→T,pldB,,,,,185809,C60C (TGC→TGT) ,,,,,,1.00,1.00,1.00,,,,,,,,,,,,
NC_000913,"4,009,947",SNP,A→G,pldB,,,,,185810,T260A (ACG→GCG) ,,,,,,,1.00,1.00,,,,,,,,,,,,
NC_000913,"4,082,219",SNP,T→C,fdoH,,,,,185811,T181A (ACG→GCG) ,,,,,,,,1.00,,,,,,,,,,,,
NC_000913,"4,128,316",SNP,A→G,metJ,,,,,185812,V27A (GTT→GCT) ,,,,,,1.00,1.00,1.00,,,,,,,,,,,,
NC_000913,"4,172,943",SNP,A→G,murB,,,,,185813,D296G (GAC→GGC) ,,,,,,,,1.00,,,,,,,,,,,,
NC_000913,"4,182,890",SNP,A→G,rpoB,,,,,185814,D549G (GAC→GGC) ,,,,,,1.00,1.00,1.00,,,,,,,,,,,,
NC_000913,"4,184,036",SNP,T→C,rpoB,,,,,185815,V931A (GTT→GCT) ,,,,,,1.00,1.00,1.00,,,,,,,,,,,,
NC_000913,"4,203,428",SNP,A→G,zraR,,,,,185816,S37G (AGC→GGC) ,,,,,,1.00,1.00,1.00,,,,,,,,,,,,
NC_000913,"4,221,741",SNP,C→T,arpA,,,,,185817,R249R (CGG→CGA) ,,,,,,1.00,1.00,1.00,,,,,,,,,,,,
NC_000913,"4,234,063",SNP,T→C,pgi,,,,,185818,R102R (CGT→CGC) ,,,,,,1.00,1.00,1.00,,,,,,,,,,,,
NC_000913,"4,265,952",SNP,A→G,alr,,,,,185819,V57V (GTA→GTG) ,,,,,,,,1.00,,,,,,,,,,,,
NC_000913,"4,286,249",SNP,T→C,acs,,,,,185820,T375A (ACC→GCC) ,,,,,,1.00,1.00,1.00,,,,,,,,,,,,
NC_000913,"4,317,201",SNP,A→G,phnM,,,,,185821,V6V (GTT→GTC) ,,,,,,,,1.00,,,,,,,,,,,,
NC_000913,"4,319,158",SNP,T→C,phnJ,,,,,185822,Y150C (TAC→TGC) ,,,,,,,,1.00,,,,,,,,,,,,
NC_000913,"4,347,323",SNP,A→G,fumB,,,,,185823,S2P (TCA→CCA) ,,,,,,,1.00,1.00,,,,,,,,,,,,
NC_000913,"4,351,153",SNP,G→A,dcuS,,,,,185824,S170S (AGC→AGT) ,,,,,,,,1.00,,,,,,,,,,,,
NC_000913,"4,358,354",SNP,A→G,cadA,,,,,185825,T88T (ACT→ACC) ,,,,,,1.00,1.00,1.00,,,,,,,,,,,,
NC_000913,"4,398,054",DEL,Δ7 bp,mutL,,,,,185826,coding (643‑649/1848 nt),,,,,,1.00,1.00,1.00,,,,,,,,,,,,
NC_000913,"4,403,176",SNP,C→T,hflK,,,,,185827,P380L (CCG→CTG) ,,,,,,1.00,1.00,1.00,,,,,,,,,,,,
NC_000913,"4,445,200",SNP,G→A,tamB,,,,,185828,W363* (TGG→TGA) ,,,,,,,,1.00,,,,,,,,,,,,
NC_000913,"4,457,566",SNP,C→T,yjgA,,,,,185829,A100A (GCG→GCA) ,,,,,,1.00,1.00,1.00,,,,,,,,,,,,
NC_000913,"4,485,806",DEL,Δ1 bp,pepA,,,,,185830,coding (146/1512 nt),,,,,,1.00,1.00,1.00,,,,,,,,,,,,
NC_000913,"4,511,130",SNP,G→A,fecE,,,,,185831,R110C (CGT→TGT) ,,,,,,,,1.00,,,,,,,,,,,,
NC_000913,"4,513,844",SNP,T→C,fecB,,,,,185832,A155A (GCA→GCG) ,,,,,,1.00,1.00,1.00,,,,,,,,,,,,
NC_000913,"4,517,263",SNP,T→C,fecR,,,,,185833,Y152C (TAC→TGC) ,,,,,,1.00,1.00,1.00,,,,,,,,,,,,
NC_000913,"4,535,254",SNP,A→G,yjhR,,,,,185834,pseudogene (252/1029 nt),,,,,,,,1.00,,,,,,,,,,,,
NC_000913,"3,244,516",SNP,T→C,uxaC,,,,,185767,T76A (ACC→GCC) ,,,,,,,,1.00,,,,,,,,,,,,
NC_000913,"4,550,166",SNP,A→G,gntP,,,,,185836,T377T (ACT→ACC) ,,,,,,1.00,1.00,1.00,,,,,,,,,,,,
NC_000913,"4,556,769",INS,(T)9→10,"yjiC, iraD",,,,,185837,intergenic (‑449/‑224),,,,,,,,1.00,,,,,,,,,,,,
NC_000913,"4,577,694",SNP,G→A,mcrC,,,,,185838,H89Y (CAT→TAT) ,,,,,,,,1.00,,,,,,,,,,,,
NC_000913,"4,586,594",DEL,(G)6→5,hsdR,,,,,185839,coding (168/3513 nt),,,,,,1.00,1.00,1.00,,,,,,,,,,,,
NC_000913,"4,608,413",SNP,C→T,rimI,,,,,185840,R77C (CGT→TGT) ,,,,,,1.00,1.00,1.00,,,,,,,,,,,,
NC_000913,"56,483",SNP,C→T,lptD,,,,,185841,P209P (CCG→CCA) ,,,,,,,1.00,,,,,,,,,,,,,
NC_000913,"79,403",SNP,G→A,leuD,,,,,185842,A17A (GCC→GCT) ,,,,,,,1.00,,,,,,,,,,,,,
NC_000913,"112,720",SNP,G→A,coaE,,,,,185843,A167V (GCC→GTC) ,,,,,,,1.00,,,,,,,,,,,,,
NC_000913,"325,803",SNP,T→C,betA,,,,,185844,Y482C (TAC→TGC) ,,,,,,,1.00,,,,,,,,,,,,,
NC_000913,"440,471",SNP,A→G,ispA,,,,,185845,Y211H (TAT→CAT) ,,,,,,,1.00,,,,,,,,,,,,,
NC_000913,"575,786",DEL,"Δ3,850 bp","[nmpC], essD, rrrD, rzpD, rzoD, borD, ybcV",,,,,185846,IS5‑mediated,,,,,,,1.00,,,,,,,,,,,,,
NC_000913,"594,938",SNP,A→G,cusR,,,,,185847,V169A (GTG→GCG) ,,,,,,,1.00,,,,,,,,,,,,,
NC_000913,"675,932",SNP,C→T,ybeQ,,,,,185848,A206T (GCC→ACC) ,,,,,,,1.00,,,,,,,,,,,,,
NC_000913,"707,102",SNP,A→G,glnS,,,,,185849,N337S (AAC→AGC) ,,,,,,,1.00,,,,,,,,,,,,,
NC_000913,"1,099,158",SNP,G→A,ycdX,,,,,185850,D94N (GAT→AAT) ,,,,,,,1.00,,,,,,,,,,,,,
NC_000913,"1,465,739",SNP,T→C,ydbA,,,,,185851,pseudogene (348/2513 nt),,,,,,,1.00,,,,,,,,,,,,,
NC_000913,"1,471,320",SNP,A→G,ydbA,,,,,185852,pseudogene (804/3497 nt),,,,,,,1.00,,,,,,,,,,,,,
NC_000913,"1,491,392",SNP,A→G,cybB,,,,,185853,D164G (GAC→GGC) ,,,,,,,1.00,,,,,,,,,,,,,
NC_000913,"1,718,546",SNP,T→C,anmK,,,,,185854,T353A (ACT→GCT) ,,,,,,,1.00,,,,,,,,,,,,,
NC_000913,"1,744,981",SNP,T→C,ydhQ,,,,,185855,T383A (ACC→GCC) ,,,,,,,1.00,,,,,,,,,,,,,
NC_000913,"2,091,655",SNP,G→A,hisD,,,,,185856,A187T (GCA→ACA) ,,,,,,,1.00,,,,,,,,,,,,,
NC_000913,"2,191,240",SNP,T→C,yehC,,,,,185857,K136E (AAG→GAG) ,,,,,,,1.00,,,,,,,,,,,,,
NC_000913,"2,310,335",SNP,T→C,ada,,,,,185858,D24G (GAC→GGC) ,,,,,,,1.00,,,,,,,,,,,,,
NC_000913,"2,374,970",SNP,G→A,menE,,,,,185859,R12W (CGG→TGG) ,,,,,,,1.00,,,,,,,,,,,,,
NC_000913,"2,456,380",SNP,T→C,sixA,,,,,185860,T145A (ACA→GCA) ,,,,,,,1.00,,,,,,,,,,,,,
NC_000913,"2,708,301",SNP,T→C,rseB,,,,,185861,T152A (ACA→GCA) ,,,,,,,1.00,,,,,,,,,,,,,
NC_000913,"2,738,658",SNP,G→A,pheA,,,,,185862,G305E (GGG→GAG) ,,,,,,,1.00,,,,,,,,,,,,,
NC_000913,"2,860,164",INS,+A,pphB,,,,,185863,coding (405/657 nt),,,,,,,1.00,,,,,,,,,,,,,
NC_000913,"2,873,099",SNP,T→C,ygbE,,,,,185864,D80G (GAC→GGC) ,,,,,,1.00,1.00,,,,,,,,,,,,,
NC_000913,"3,038,017",SNP,G→A,recJ,,,,,185865,Y30Y (TAC→TAT) ,,,,,,,1.00,,,,,,,,,,,,,
NC_000913,"3,043,171",SNP,A→G,"yqfA, yqfB",,,,,185866,intergenic (‑23/+141),,,,,,,1.00,,,,,,,,,,,,,
NC_000913,"3,069,351",SNP,T→C,mscS,,,,,185867,T153A (ACC→GCC) ,,,,,,,1.00,,,,,,,,,,,,,
NC_000913,"3,169,929",SNP,T→C,qseB,,,,,185868,R34R (CGT→CGC) ,,,,,,,1.00,,,,,,,,,,,,,
NC_000913,"3,231,746",SNP,A→G,fadH,,,,,185869,T28A (ACC→GCC) ,,,,,,,1.00,,,,,,,,,,,,,
NC_000913,"3,340,783",SNP,G→A,yrbG,,,,,185870,G170D (GGC→GAC) ,,,,,,,1.00,,,,,,,,,,,,,
NC_000913,"3,568,907",SNP,C→T,glgC,,,,,185871,G141D (GGC→GAC) ,,,,,,,1.00,,,,,,,,,,,,,
NC_000913,"3,603,920",SNP,T→C,ftsY,,,,,185872,E108E (GAA→GAG) ,,,,,,,1.00,,,,,,,,,,,,,
NC_000913,"3,626,537",SNP,T→C,yhhJ,,,,,185873,G89G (GGA→GGG) ,,,,,,,1.00,,,,,,,,,,,,,
NC_000913,"3,998,412",SNP,T→C,uvrD,,,,,185874,W144R (TGG→CGG) ,,,,,,,1.00,,,,,,,,,,,,,
NC_000913,"4,003,844",SNP,A→G,rarD,,,,,185875,V112A (GTG→GCG) ,,,,,,,1.00,,,,,,,,,,,,,
NC_000913,"4,014,886",SNP,A→G,metE,,,,,185876,S612G (AGC→GGC) ,,,,,,,1.00,,,,,,,,,,,,,
NC_000913,"4,050,209",SNP,A→G,yihA,,,,,185877,V186A (GTG→GCG) ,,,,,,,1.00,,,,,,,,,,,,,
NC_000913,"4,306,735",SNP,A→G,"yjcS, alsK",,,,,185878,intergenic (‑138/+135),,,,,,,1.00,,,,,,,,,,,,,
NC_000913,"4,559,131",SNP,C→T,iadA,,,,,185879,M132I (ATG→ATA) ,,,,,,,1.00,,,,,,,,,,,,,
NC_000913,"4,617,397",SNP,C→T,deoC,,,,,185880,T25T (ACC→ACT) ,,,,,,,1.00,,,,,,,,,,,,,
NC_000913,"1,230,727",SNP,C→A,"hlyE, umuD",,,,,185881,intergenic (‑333/‑40),,,,,,,,,1.00,1.00,,1.00,,,,,,,,
NC_000913,"4,128,361",SNP,T→C,metJ,,,,,185882,Y12C (TAC→TGC) ,,,,,,,,,1.00,1.00,,1.00,,,,,,,,
NC_000913,"4,187,816",DEL,Δ15 bp,rpoC,,,,,185883,coding (2467‑2481/4224 nt),,,,,,,,,1.00,1.00,,1.00,,,,,,,,
NC_000913,"1,879,829",MOB,Δ1 bp :: IS186 (–) +6 bp :: Δ1 bp,yeaR,,,,,100894,coding (115‑120/360 nt),,,,,,,,,1.00,1.00,,1.00,,,,,,,,
NC_000913,"2,734,543",INS,(C)8→9,yfiH,,,,,100921,coding (492/732 nt),,,,,,1.00,,,,,,,,,,,,,,
NC_000913,"64,950",SNP,A→G,polB,,,,,185915,G277G (GGT→GGC) ,,,,,,1.00,,,,,,,,,,,,,,
NC_000913,"74,829",DEL,Δ1 bp,thiB,,,,,185916,coding (652/984 nt),,,,,,1.00,,,,,,,,,,,,,,
NC_000913,"104,664",SNP,A→G,ftsA,,,,,185917,H228R (CAC→CGC) ,,,,,,1.00,,,,,,,,,,,,,,
NC_000913,"300,337",SNP,C→T,paoC,,,,,185918,D200N (GAT→AAT) ,,,,,,1.00,,,,,,,,,,,,,,
NC_000913,"327,536",SNP,A→G,betB,,,,,185919,S400P (TCG→CCG) ,,,,,,1.00,,,,,,,,,,,,,,
NC_000913,"341,378",SNP,A→G,yahJ,,,,,185920,Q85R (CAG→CGG) ,,,,,,1.00,,,,,,,,,,,,,,
NC_000913,"411,745",SNP,A→G,araJ,,,,,185921,L246P (CTA→CCA) ,,,,,,1.00,,,,,,,,,,,,,,
NC_000913,"413,307",SNP,T→C,sbcC,,,,,185922,D816G (GAC→GGC) ,,,,,,1.00,,,,,,,,,,,,,,
NC_000913,"455,731",SNP,A→G,tig,,,,,185923,D200G (GAC→GGC) ,,,,,,1.00,,,,,,,,,,,,,,
NC_000913,"505,708",INS,(A)6→7,ushA,,,,,185924,coding (795/1653 nt),,,,,,1.00,,,,,,,,,,,,,,
NC_000913,"541,599",SNP,A→G,ybbY,,,,,185925,L345L (TTA→TTG) ,,,,,,1.00,,,,,,,,,,,,,,
NC_000913,"548,053",SNP,A→G,fdrA,,,,,185926,E458E (GAA→GAG) ,,,,,,1.00,,,,,,,,,,,,,,
NC_000913,"642,943",SNP,A→G,ybdR,,,,,185927,S286G (AGC→GGC) ,,,,,,1.00,,,,,,,,,,,,,,
NC_000913,"663,381",SNP,C→T,dacA,,,,,185928,A195T (GCG→ACG) ,,,,,,1.00,,,,,,,,,,,,,,
NC_000913,"709,902",SNP,A→G,chiQ,,,,,185929,N38S (AAC→AGC) ,,,,,,1.00,,,,,,,,,,,,,,
NC_000913,"729,072",SNP,A→G,"kdpF, ybfA",,,,,185930,intergenic (‑251/‑62),,,,,,1.00,,,,,,,,,,,,,,
NC_000913,"737,765",SNP,A→G,ybfL,,,,,185931,pseudogene (941/1137 nt),,,,,,1.00,,,,,,,,,,,,,,
NC_000913,"766,588",SNP,C→T,mngA,,,,,185932,A202V (GCT→GTT) ,,,,,,1.00,,,,,,,,,,,,,,
NC_000913,"776,165",SNP,T→G,tolR,,,,,185933,V106G (GTC→GGC) ,,,,,,1.00,,,,,,,,,,,,,,
NC_000913,"777,573",SNP,T→C,tolA,,,,,185934,V411A (GTG→GCG) ,,,,,,1.00,,,,,,,,,,,,,,
NC_000913,"787,474",SNP,G→A,gpmA,,,,,185935,A41V (GCA→GTA) ,,,,,,1.00,,,,,,,,,,,,,,
NC_000913,"829,895",SNP,A→G,ybhG,,,,,185936,Y26Y (TAT→TAC) ,,,,,,1.00,,,,,,,,,,,,,,
NC_000913,"855,061",SNP,A→G,ldtB,,,,,185937,G228G (GGT→GGC) ,,,,,,1.00,,,,,,,,,,,,,,
NC_000913,"868,945",SNP,C→T,gsiA,,,,,185938,R476C (CGC→TGC) ,,,,,,1.00,,,,,,,,,,,,,,
NC_000913,"915,205",SNP,C→T,"ybjE, aqpZ",,,,,185939,intergenic (‑348/+147),,,,,,1.00,,,,,,,,,,,,,,
NC_000913,"915,916",SNP,A→G,aqpZ,,,,,185940,G44G (GGT→GGC) ,,,,,,1.00,,,,,,,,,,,,,,
NC_000913,"924,776",SNP,A→G,clpA,,,,,185941,T505A (ACG→GCG) ,,,,,,1.00,,,,,,,,,,,,,,
NC_000913,"925,392",SNP,A→G,clpA,,,,,185942,D710G (GAC→GGC) ,,,,,,1.00,,,,,,,,,,,,,,
NC_000913,"964,931",SNP,A→G,ycaI,,,,,185943,E204E (GAA→GAG) ,,,,,,1.00,,,,,,,,,,,,,,
NC_000913,"969,078",SNP,T→C,lpxK,,,,,185944,I238T (ATT→ACT) ,,,,,,1.00,,,,,,,,,,,,,,
NC_000913,"982,139",SNP,C→T,ldtD,,,,,185945,R365* (CGA→TGA) ,,,,,,1.00,,,,,,,,,,,,,,
NC_000913,"1,002,538",SNP,A→G,elfG,,,,,185946,V244V (GTA→GTG) ,,,,,,1.00,,,,,,,,,,,,,,
NC_000913,"1,048,639",SNP,G→A,gfcC,,,,,185947,P18L (CCC→CTC) ,,,,,,1.00,,,,,,,,,,,,,,
NC_000913,"1,237,152",SNP,T→C,ycgB,,,,,185948,A30A (GCA→GCG) ,,,,,,1.00,,,,,,,,,,,,,,
NC_000913,"1,238,031",SNP,T→C,dadA,,,,,185949,I154T (ATC→ACC) ,,,,,,1.00,,,,,,,,,,,,,,
NC_000913,"1,318,202",SNP,T→C,trpB,,,,,185950,T72A (ACG→GCG) ,,,,,,1.00,,,,,,,,,,,,,,
NC_000913,"1,333,046",SNP,A→G,topA,,,,,185951,T667A (ACG→GCG) ,,,,,,1.00,,,,,,,,,,,,,,
NC_000913,"1,336,703",SNP,T→C,acnA,,,,,185952,G291G (GGT→GGC) ,,,,,,1.00,,,,,,,,,,,,,,
NC_000913,"1,381,934",SNP,A→G,"ycjV, ompG",,,,,185953,intergenic (+32/‑13),,,,,,1.00,,,,,,,,,,,,,,
NC_000913,"1,420,861",SNP,A→G,ydaT,,,,,185954,K60E (AAA→GAA) ,,,,,,1.00,,,,,,,,,,,,,,
NC_000913,"1,473,811",SNP,A→G,ydbA,,,,,185955,pseudogene (3295/3497 nt),,,,,,1.00,,,,,,,,,,,,,,
NC_000913,"1,486,239",SNP,T→C,hrpA,,,,,185956,L1060P (CTG→CCG) ,,,,,,1.00,,,,,,,,,,,,,,
NC_000913,"1,586,995",SNP,C→T,ydeQ,,,,,185957,G247D (GGT→GAT) ,,,,,,1.00,,,,,,,,,,,,,,
NC_000913,"1,609,216",SNP,A→G,"yneE, uxaB",,,,,185958,intergenic (‑194/+13),,,,,,1.00,,,,,,,,,,,,,,
NC_000913,"1,612,510",SNP,C→T,glsB,,,,,185959,G248R (GGG→AGG) ,,,,,,1.00,,,,,,,,,,,,,,
NC_000913,"1,644,276",SNP,A→G,ydfU,,,,,185960,V10A (GTG→GCG) ,,,,,,1.00,,,,,,,,,,,,,,
NC_000913,"1,680,390",SNP,A→G,ydgI,,,,,185961,G278G (GGA→GGG) ,,,,,,1.00,,,,,,,,,,,,,,
NC_000913,"1,781,206",SNP,G→A,ydiR,,,,,185962,G269D (GGC→GAC) ,,,,,,1.00,,,,,,,,,,,,,,
NC_000913,"1,781,351",SNP,A→G,"ydiR, ydiS",,,,,185963,intergenic (+12/‑44),,,,,,1.00,,,,,,,,,,,,,,
NC_000913,"1,806,485",DEL,(G)5→4,pfkB,,,,,185964,coding (116/930 nt),,,,,,1.00,,,,,,,,,,,,,,
NC_000913,"1,829,705",SNP,T→C,astD,,,,,185965,I10M (ATA→ATG) ,,,,,,1.00,,,,,,,,,,,,,,
NC_000913,"1,905,571",SNP,T→C,"yobD, mntP",,,,,185966,intergenic (+312/‑117),,,,,,1.00,,,,,,,,,,,,,,
NC_000913,"1,941,228",SNP,A→G,mepM,,,,,185967,G136G (GGT→GGC) ,,,,,,1.00,,,,,,,,,,,,,,
NC_000913,"2,059,573",SNP,G→A,yeeO,,,,,185968,R40C (CGC→TGC) ,,,,,,1.00,,,,,,,,,,,,,,
NC_000913,"2,240,292",SNP,G→A,mglB,,,,,185969,A19A (GCC→GCT) ,,,,,,1.00,,,,,,,,,,,,,,
NC_000913,"2,276,922",SNP,T→C,yejF,,,,,185970,M208T (ATG→ACG) ,,,,,,1.00,,,,,,,,,,,,,,
NC_000913,"2,281,016",SNP,C→T,yejH,,,,,185971,Q129* (CAG→TAG) ,,,,,,1.00,,,,,,,,,,,,,,
NC_000913,"2,348,587",SNP,C→T,yfaE,,,,,185972,A25V (GCG→GTG) ,,,,,,1.00,,,,,,,,,,,,,,
NC_000913,"2,420,100",SNP,G→A,yfcF,,,,,185973,A129V (GCG→GTG) ,,,,,,1.00,,,,,,,,,,,,,,
NC_000913,"2,478,551",SNP,A→G,dsdX,,,,,185974,I235M (ATA→ATG) ,,,,,,1.00,,,,,,,,,,,,,,
NC_000913,"2,528,926",SNP,A→G,ligA,,,,,185975,R417R (CGT→CGC) ,,,,,,1.00,,,,,,,,,,,,,,
NC_000913,"2,558,660",SNP,A→G,eutB,,,,,185976,L7S (TTG→TCG) ,,,,,,1.00,,,,,,,,,,,,,,
NC_000913,"2,579,823",SNP,A→G,tktB,,,,,185977,N63S (AAC→AGC) ,,,,,,1.00,,,,,,,,,,,,,,
NC_000913,"2,607,998",SNP,T→C,hyfF,,,,,185978,V361A (GTA→GCA) ,,,,,,1.00,,,,,,,,,,,,,,
NC_000913,"2,627,887",INS,(G)5→6,yfgF,,,,,185979,coding (1052/2244 nt),,,,,,1.00,,,,,,,,,,,,,,
NC_000913,"2,642,084",SNP,G→A,rodZ,,,,,185980,A254V (GCG→GTG) ,,,,,,1.00,,,,,,,,,,,,,,
NC_000913,"2,682,797",SNP,T→C,"yphG, yphH",,,,,185981,intergenic (‑52/‑66),,,,,,1.00,,,,,,,,,,,,,,
NC_000913,"2,706,632",SNP,T→C,lepA,,,,,185982,T165A (ACC→GCC) ,,,,,,1.00,,,,,,,,,,,,,,
NC_000913,"2,735,653",SNP,A→G,rluD,,,,,185983,L120P (CTT→CCT) ,,,,,,1.00,,,,,,,,,,,,,,
NC_000913,"2,740,507",SNP,T→C,aroF,,,,,185984,Q215R (CAG→CGG) ,,,,,,1.00,,,,,,,,,,,,,,
NC_000913,"2,747,358",SNP,T→C,ffh,,,,,185985,K146K (AAA→AAG) ,,,,,,1.00,,,,,,,,,,,,,,
NC_000913,"2,775,699",SNP,T→C,ypjI,,,,,185986,pseudogene (155/180 nt),,,,,,1.00,,,,,,,,,,,,,,
NC_000913,"2,817,743",SNP,T→C,"yqaB, argQ",,,,,185987,intergenic (‑240/+41),,,,,,1.00,,,,,,,,,,,,,,
NC_000913,"2,817,861",SNP,A→G,"argQ, argZ",,,,,185988,intergenic (‑1/+198),,,,,,1.00,,,,,,,,,,,,,,
NC_000913,"2,899,237",SNP,T→C,ygcU,,,,,185989,E61G (GAG→GGG) ,,,,,,1.00,,,,,,,,,,,,,,
NC_000913,"2,955,448",SNP,T→C,recB,,,,,185990,T186A (ACC→GCC) ,,,,,,1.00,,,,,,,,,,,,,,
NC_000913,"2,989,983",SNP,A→G,yqeK,,,,,185991,A126A (GCT→GCC) ,,,,,,1.00,,,,,,,,,,,,,,
NC_000913,"3,014,746",SNP,T→C,yqeC,,,,,185992,E104E (GAA→GAG) ,,,,,,1.00,,,,,,,,,,,,,,
NC_000913,"3,040,408",SNP,C→T,"fldB, cptA",,,,,185993,intergenic (+32/+8),,,,,,1.00,,,,,,,,,,,,,,
NC_000913,"3,213,331",SNP,T→C,rpoD,,,,,185994,T95T (ACT→ACC) ,,,,,,1.00,,,,,,,,,,,,,,
NC_000913,"3,219,596",SNP,A→G,patA,,,,,185995,N35D (AAC→GAC) ,,,,,,1.00,,,,,,,,,,,,,,
NC_000913,"3,227,104",SNP,G→A,ygjI,,,,,185996,V291M (GTG→ATG) ,,,,,,1.00,,,,,,,,,,,,,,
NC_000913,"3,236,954",SNP,G→A,ygjQ,,,,,185997,A139T (GCC→ACC) ,,,,,,1.00,,,,,,,,,,,,,,
NC_000913,"3,304,806",SNP,G→C,mtr,,,,,185998,L338V (CTG→GTG) ,,,,,,1.00,,,,,,,,,,,,,,
NC_000913,"3,320,094",SNP,T→C,yhbX,,,,,185999,D507G (GAC→GGC) ,,,,,,1.00,,,,,,,,,,,,,,
NC_000913,"3,857,022",DEL,(C)5→4,yidJ,,,,,186000,coding (1383/1494 nt),,,,,,1.00,,,,,,,,,,,,,,
NC_000913,"3,880,206",SNP,T→C,recF,,,,,186001,D339G (GAC→GGC) ,,,,,,1.00,,,,,,,,,,,,,,
NC_000913,"3,951,228",SNP,A→G,ilvG,,,,,186002,pseudogene (669/984 nt),,,,,,1.00,,,,,,,,,,,,,,
NC_000913,"3,961,726",SNP,C→T,rep,,,,,186003,R350R (CGC→CGT) ,,,,,,1.00,,,,,,,,,,,,,,
NC_000913,"4,086,550",SNP,T→C,fdhD,,,,,186004,S179P (TCT→CCT) ,,,,,,1.00,,,,,,,,,,,,,,
NC_000913,"4,184,514",SNP,C→T,rpoB,,,,,186005,N1090N (AAC→AAT) ,,,,,,1.00,,,,,,,,,,,,,,
NC_000913,"4,273,906",SNP,T→C,"uvrA, ssb",,,,,186006,intergenic (‑35/‑219),,,,,,1.00,,,,,,,,,,,,,,
NC_000913,"4,316,378",SNP,A→G,phnM,,,,,186007,S281P (TCC→CCC) ,,,,,,1.00,,,,,,,,,,,,,,
NC_000913,"4,379,942",SNP,A→G,frdB,,,,,186008,R192R (CGT→CGC) ,,,,,,1.00,,,,,,,,,,,,,,
NC_000913,"4,511,541",INS,(G)5→6,fecD,,,,,186009,coding (874/957 nt),,,,,,1.00,,,,,,,,,,,,,,
NC_000913,"4,554,471",SNP,T→C,"uxuB, uxuR",,,,,186010,intergenic (+110/‑105),,,,,,1.00,,,,,,,,,,,,,,
NC_000913,"4,606,094",DEL,(G)8→7,leuV,,,,,186011,noncoding (72/87 nt),,,,,,1.00,,,,,,,,,,,,,,
NC_000913,"4,622,019",SNP,C→T,yjjJ,,,,,186012,P84L (CCG→CTG) ,,,,,,1.00,,,,,,,,,,,,,,
NC_000913,"3,823,036",SNP,A→C,spoT,,,,,186013,I213L (ATC→CTC) ,,,,,,,,,,,,1.00,,,,,,,,
NC_000913,"1,979,639",SNP,T→C,"insA, uspC",,,,,186035,intergenic (‑424/‑114),,,1.00,,,,,,,,,,,,,,,,,
NC_000913,"2,470,411",SNP,A→G,gtrS,,,,,186036,L427L (TTA→TTG) ,,,1.00,,,,,,,,,,,,,,,,,
NC_000913,"1,347,775",SNP,C→A,rnb,,,,,186037,E380* (GAG→TAG) ,,,,,,,,,1.00,,,,,,,,,,,
NC_000913,"2,810,756",SNP,G→T,"ygaH, mprA",,,,,186038,intergenic (+77/‑14),,,,,,,,,1.00,,,,,,,,,,,
NC_000913,"4,031,019",SNP,G→A,"fadB, pepQ",,,,,186039,intergenic (‑48/‑142),,,,,,,,,1.00,,,,,,,,,,,
NC_000913,"575,786",DEL,"Δ3,027 bp","[nmpC], essD, rrrD, rzpD, rzoD, [borD]",,,,,186041,IS5‑mediated,,,,,,,,,,,,,,,1.00,,,,,
NC_000913,"1,930,993",SNP,T→G,purT,,,,,186042,V38G (GTG→GGG) ,,,,,,,,,,,,,,,1.00,,,,,
NC_000913,"2,912,618",DEL,Δ10 bp,relA,,,,,186043,coding (1025‑1034/2235 nt),,,,,,,,,,,,,,,1.00,,,,,
NC_000913,"4,128,250",SNP,A→C,metJ,,,,,186044,L49R (CTG→CGG) ,,,,,,,,,,,,,,,1.00,,,,,
NC_000913,"4,178,172",SNP,T→G,nusG,,,,,186045,F144V (TTC→GTC) ,,,,,,,,,,,,,,,1.00,,,,,
NC_000913,"4,185,573",SNP,A→G,rpoC,,,,,186046,Y75C (TAC→TGC) ,,,,,,,,,,,,,,,1.00,,,,,
NC_000913,"679,090",SNP,A→G,ybeT,,,,,186047,L106P (CTG→CCG) ,,,,,,,,,,,,,1.00,,,,,,,
NC_000913,"824,028",SNP,A→G,ybhP,,,,,186048,L157P (CTC→CCC) ,,,,,,,,,,,,,1.00,,,,,,,
NC_000913,"1,722,386",SNP,C→T,ydhK,,,,,186049,T89M (ACG→ATG) ,,,,,,,,,,,,,1.00,,,,,,,
NC_000913,"3,438,773",SNP,T→G,zntR,,,,,186050,S120R (AGC→CGC) ,,,,,,,,,,,,,1.00,,,,,,,
NC_000913,"4,128,379",SNP,C→T,metJ,,,,,186051,G6D (GGC→GAC) ,,,,,,,,,,,,,1.00,,,,,,,
NC_000913,"3,538,396",SNP,A→G,yhgF,,,,,185782,T338A (ACT→GCT) ,,,,,,,,1.00,,,,,,,,,,,,
NC_000913,"97,947",SNP,T→C,murD,,,,,94938,R287R (CGT→CGC) ,,,,,,1.00,1.00,1.00,,,,,,,,,,,,
NC_000913,"1,212,088",INS,(C)8→9,"iraM, ycgX",,,,,47910,intergenic (‑85/+615),,,,,,1.00,1.00,1.00,,,,,,,,,,,,
NC_000913,"1,373,362",SNP,T→C,ycjO,,,,,185649,N47N (AAT→AAC) ,,,,,,1.00,1.00,1.00,,,,,,,,,,,,
NC_000913,"3,815,810",DEL,Δ1 bp,"pyrE, rph",,,,,47914,intergenic (‑42/+24),,,,,,,,,,,,,,,,,,,1.00,1.00
NC_000913,"2,913,536",SNP,C→T,relA,,,,,100597,W39* (TGG→TAG) ,,,,,,,,,1.00,1.00,,1.00,,,,,,,,
NC_000913,"1,351,196",INS,(G)7→8,"fabI, ycjD",,,,,122733,intergenic (‑157/+211),,,,,,1.00,1.00,1.00,,,,,,,,,,,,
NC_000913,"4,543,608",MOB,Δ1 bp :: IS186 (–) +6 bp :: Δ1 bp,fimA,,,,,185835,coding (494‑499/549 nt),,,,,,,,1.00,,,,,,,,,,,,
