Reference Seq,Position,Mutation Type,Sequence Change,Gene,Function,Product,GO Process,GO Component,Mut ID,Details,TOL NaCl A1 F0 I1 R1,TOL NaCl A1 F32 I1 R1,TOL NaCl A1 F65 I1 R1,TOL NaCl A1 F82 I1 R1,TOL NaCl A2 F31 I1 R1,TOL NaCl A2 F62 I1 R1,TOL NaCl A2 F82 I1 R1,TOL NaCl A3 F32 I1 R1,TOL NaCl A3 F63 I1 R1,TOL NaCl A3 F82 I1 R1,TOL NaCl A4 F32 I1 R1,TOL NaCl A4 F63 I1 R1,TOL NaCl A4 F82 I1 R1,TOL NaCl A5 F33 I1 R1,TOL NaCl A5 F64 I1 R1,TOL NaCl A5 F82 I1 R1,TOL NaCl A6 F33 I1 R1,TOL NaCl A6 F66 I1 R1,TOL NaCl A6 F85 I1 R1
NC_000913,"1,529,185",SNP,C→T,"yncH, ydcD",,DUF5445 domain-containing protein YncH/uncharacterized protein YdcD,,,1837184,intergenic (+2033/‑737),,,,,,,,,,,,,,1.00,,,,,
NC_000913,"3,968,005",DEL,(A)7→6,rfe,,UDP-N-acetylglucosamine--undecaprenyl-phosphate N-acetylglucosaminephosphotransferase,,,1608069,coding (90/1104 nt),,,,,,,,,,,,,,,,,,1.00,
NC_000913,"257,908",DEL,Δ776 bp,"insB9,insA9,[crl]",,"insB9,insA9,[crl]",,,1120561,,1.00,1.00,1.00,1.00,1.00,1.00,1.00,1.00,1.00,1.00,1.00,1.00,1.00,1.00,1.00,1.00,,1.00,1.00
NC_000913,"3,069,723",SNP,C→A,mscS,,small conductance mechanosensitive channel MscS,,,1888303,V29L (GTA→TTA),,,,,,,,,1.00,,,,,,,,,,
NC_000913,"3,900,294",DEL,Δ4 bp,yieL,,putative hydrolase YieL,,,1888304,coding (281‑284/1170 nt),,,,,,,,,1.00,,,,,,,,,,
NC_000913,"3,967,959",DEL,(T)7→6,rfe,,UDP-N-acetylglucosamine--undecaprenyl-phosphate N-acetylglucosaminephosphotransferase,,,1888305,coding (44/1104 nt),,,,,,,,,1.00,,,,,,,,,,
NC_000913,"4,082,858",SNP,C→A,fdoG,,formate dehydrogenase O subunit alpha,,,1888306,A989S (GCC→TCC),,,,,,,,,1.00,,,,,,,,,,
NC_000913,"4,181,843",SNP,G→C,rpoB,,RNA polymerase subunit beta,,,1888307,R200P (CGT→CCT),,,,,,,,,1.00,,,,,,,,,1.00,1.00
NC_000913,"2,032,661",SNP,A→G,yedJ,,putative HD superfamily phosphohydrolase YedJ,,,1888308,V140A (GTG→GCG),,,,,,,,,,,,,,,,,,1.00,
NC_000913,"3,710,548",DEL,Δ66 bp,"eptB, yhjX",,Kdo2-lipid A phosphoethanolamine 7''-transferase/putative transporter YhjX,,,1888309,intergenic (‑73/+186),,,,,,,,,,,,,,,,,,1.00,
NC_000913,"2,624,920",SNP,C→A,ppk,,polyphosphate kinase,,,1888310,T626K (ACG→AAG),,,,,,,,1.00,,,,,,,,,,,
NC_000913,"1,907,626",MOB,IS5 (–) +4 bp,"yobF, yebO",,DUF2527 domain-containing protein YobF/uncharacterized protein YebO,,,1888311,intergenic (‑35/+632),,,,,,1.00,1.00,,,,,,1.00,,,,,,
NC_000913,"2,804,864",DEL,Δ13 bp,proV,,glycine betaine ABC transporter ATP binding subunit ProV,,,1888312,coding (50‑62/1203 nt),,,,,,,,,,,,1.00,1.00,,,,,,
NC_000913,"4,181,848",SNP,C→T,rpoB,,RNA polymerase subunit beta,,,1888313,R202C (CGT→TGT),,,,,,1.00,1.00,,,,,,1.00,,,,,,
NC_000913,"537,971",SNP,A→T,ybbW,,putative allantoin transporter,,,1888314,G113G (GGA→GGT),,,,,,,,,,1.00,,,,,,,,,
NC_000913,"939,935",SNP,G→A,serS,,serine--tRNA ligase,,,1888315,A170T (GCT→ACT),,,,,,,,,,1.00,,,,,,,,,
NC_000913,"1,907,482",MOB,IS1 (+) +8 bp,yobF,,DUF2527 domain-containing protein YobF,,,1888316,coding (103‑110/144 nt),,,,,,,,,,1.00,,,,,,,,,
NC_000913,"1,978,503",DEL,Δ776 bp,"insB5,insA5",,"insB5,insA5",,,1837117,,1.00,1.00,1.00,1.00,1.00,1.00,1.00,1.00,1.00,1.00,1.00,1.00,1.00,1.00,1.00,1.00,1.00,1.00,1.00
NC_000913,"2,173,363",DEL,Δ2 bp,"gatD, gatB",,galactitol-1-phospate 5-dehydrogenase/galactitol-specific PTS enzyme IIB component,,,1837118,intergenic (‑490/+918),1.00,1.00,1.00,1.00,1.00,1.00,1.00,1.00,1.00,1.00,1.00,1.00,1.00,1.00,1.00,1.00,1.00,1.00,1.00
NC_000913,"3,560,455",INS,+G,"rtcR, glpG",,DNA-binding transcriptional activator RtcR/rhomboid protease GlpG,,,1837119,intergenic (+589/+167),1.00,1.00,1.00,1.00,1.00,1.00,1.00,1.00,1.00,1.00,1.00,1.00,1.00,1.00,1.00,1.00,1.00,1.00,1.00
NC_000913,"4,181,833",SNP,C→G,rpoB,,RNA polymerase subunit beta,,,1888320,R197G (CGT→GGT),,,,,,,,,,1.00,,,,,,,,,
NC_000913,"700,516",MOB,IS5 (+) +4 bp,nagC,,DNA-binding transcriptional dual regulator NagC,,,1888321,coding (1076‑1079/1221 nt),,,,1.00,,,,,,,,,,,,,,,
NC_000913,"2,804,741",DEL,"Δ6,333 bp","proV,proW,proX,ygaZ,ygaH,[mprA]",,"proV,proW,proX,ygaZ,ygaH,[mprA]",,,1888322,,,,1.00,1.00,,,,,,,,,,,,,,,
NC_000913,"40,408",SNP,G→T,"caiA, caiT",,crotonobetainyl-CoA reductase/L-carnitine:gamma-butyrobetaine antiporter,,,1888323,intergenic (‑22/+9),,,1.00,,,,,,,,,,,,,,,,
NC_000913,"702,739",MOB,IS5 (+) +4 bp,nagA,,N-acetylglucosamine-6-phosphate deacetylase,,,1888324,coding (10‑13/1149 nt),,,1.00,,,,,,,,,,,,,,,,
NC_000913,"2,256,614",SNP,G→A,psuT,,putative pseudouridine transporter,,,1888325,P241L (CCA→CTA),,,1.00,,,,,,,,,,,,,,,,
NC_000913,"3,358,559",SNP,G→A,gltB,,glutamate synthase subunit GltB,,,1888326,G1279S (GGC→AGC),,,1.00,,,,,,,,,,,,,,,,
NC_000913,"1,529,203",SNP,C→A,"yncH, ydcD",,DUF5445 domain-containing protein YncH/uncharacterized protein YdcD,,,1837127,intergenic (+2051/‑719),,,,,,,,1.00,1.00,,,,,1.00,1.00,,,,
NC_000913,"3,529,111",SNP,C→T,yrfG,,purine nucleotidase,,,1888328,P148L (CCG→CTG),,,1.00,,,,,,,,,,,,,,,,
NC_000913,"3,543,575",SNP,C→A,rpnA,,recombination-promoting nuclease RpnA,,,1888329,L137M (CTG→ATG),,,1.00,,,,,,,,,,,,,,,,
NC_000913,"3,551,619",SNP,C→T,malP,,maltodextrin phosphorylase,,,1888330,L285L (TTG→TTA),,,1.00,,,,,,,,,,,,,,,,
NC_000913,"3,552,389",SNP,C→T,malP,,maltodextrin phosphorylase,,,1888331,E29K (GAA→AAA),,,1.00,,,,,,,,,,,,,,,,
NC_000913,"3,556,925",SNP,C→T,rtcB,,RNA-splicing ligase,,,1888332,A385A (GCG→GCA),,,1.00,,,,,,,,,,,,,,,,
NC_000913,"3,559,110",SNP,C→T,rtcR,,DNA-binding transcriptional activator RtcR,,,1888333,A281A (GCC→GCT),,,1.00,,,,,,,,,,,,,,,,
NC_000913,"4,129,837",SNP,G→A,metL,,fused aspartate kinase/homoserine dehydrogenase 2,,,1888334,M1M (ATG→ATA) †,,,1.00,,,,,,,,,,,,,,,,
NC_000913,"4,131,624",SNP,G→A,metL,,fused aspartate kinase/homoserine dehydrogenase 2,,,1888335,W597* (TGG→TAG),,,1.00,,,,,,,,,,,,,,,,
NC_000913,"4,141,919",SNP,G→A,ptsA,,putative PTS multiphosphoryl transfer protein PtsA,,,1888336,D101D (GAC→GAT),,,1.00,,,,,,,,,,,,,,,,
NC_000913,"4,152,832",SNP,G→A,ppc,,phosphoenolpyruvate carboxylase,,,1888337,H89H (CAC→CAT),,,1.00,,,,,,,,,,,,,,,,
NC_000913,"4,156,976",SNP,G→A,argH,,argininosuccinate lyase,,,1888338,A43T (GCC→ACC),,,1.00,,,,,,,,,,,,,,,,
NC_000913,"4,210,019",SNP,G→A,"gltV, rrlE",,tRNA-Glu/23S ribosomal RNA,,,1888339,intergenic (+170/‑24),,,1.00,,,,,,,,,,,,,,,,
NC_000913,"4,218,730",SNP,G→A,aceK,,isocitrate dehydrogenase kinase/phosphatase,,,1888340,Q45Q (CAG→CAA),,,1.00,,,,,,,,,,,,,,,,
NC_000913,"4,231,815",SNP,G→A,"yjbD, lysC",,DUF3811 domain-containing protein YjbD/aspartate kinase III,,,1888341,intergenic (‑184/+69),,,1.00,,,,,,,,,,,,,,,,
NC_000913,"4,350,165",SNP,G→A,dcuS,,sensor histidine kinase DcuS,,,1888342,R500* (CGA→TGA),,,1.00,,,,,,,,,,,,,,,,
NC_000913,"4,366,511",SNP,G→A,dcuA,,C4-dicarboxylate transporter DcuA,,,1888343,T88M (ACG→ATG),,,1.00,,,,,,,,,,,,,,,,
NC_000913,"4,368,624",SNP,G→C,"aspA, fxsA",,aspartate ammonia-lyase/protein FxsA,,,1888344,intergenic (‑297/‑40),,,1.00,,,,,,,,,,,,,,,,
NC_000913,"4,370,492",SNP,G→A,"yjeH, groS",,L-methionine/branched chain amino acid exporter/cochaperonin GroES,,,1888345,intergenic (‑80/‑196),,,1.00,,,,,,,,,,,,,,,,
NC_000913,"4,380,096",SNP,G→C,frdB,,fumarate reductase iron-sulfur protein,,,1888346,A141G (GCG→GGG),,,1.00,,,,,,,,,,,,,,,,
NC_000913,"4,404,162",SNP,G→T,hflC,,regulator of FtsH protease,,,1888347,S288I (AGT→ATT),,,1.00,,,,,,,,,,,,,,,,
NC_000913,"4,404,766",SNP,G→A,purA,,adenylosuccinate synthetase,,,1888348,R27Q (CGG→CAG),,,1.00,,,,,,,,,,,,,,,,
NC_000913,"4,420,475",SNP,G→C,ulaA,,L-ascorbate specific PTS enzyme IIC component,,,1888349,V166L (GTT→CTT),,,1.00,,,,,,,,,,,,,,,,
NC_000913,"4,444,751",SNP,G→A,tamB,,translocation and assembly module subunit TamB,,,1888350,D214N (GAT→AAT),,,1.00,,,,,,,,,,,,,,,,
NC_000913,"4,445,585",SNP,G→A,tamB,,translocation and assembly module subunit TamB,,,1888351,G492S (GGT→AGT),,,1.00,,,,,,,,,,,,,,,,
NC_000913,"4,455,886",SNP,G→C,mpl,,"UDP-N-acetylmuramate--L-alanyl-gamma-D-glutamyl- meso-2,6-diaminoheptanedioate ligase",,,1888352,V34V (GTG→GTC),,,1.00,,,,,,,,,,,,,,,,
NC_000913,"4,459,470",SNP,G→C,"tldE, nrdG",,metalloprotease subunit TldE/anaerobic ribonucleoside-triphosphate reductase activating protein,,,1888353,intergenic (+159/+430),,,1.00,,,,,,,,,,,,,,,,
NC_000913,"4,482,881",SNP,G→C,valS,,valine--tRNA ligase,,,1888354,N319K (AAC→AAG),,,1.00,,,,,,,,,,,,,,,,
NC_000913,"1,836,571",SNP,C→T,ynjB,,putative ABC transporter periplasmic binding protein YnjB,,,1888355,Q167* (CAA→TAA),,,,,,1.00,,,,,,,,,,,,,
NC_000913,"1,862,815",SNP,C→T,gapA,,glyceraldehyde-3-phosphate dehydrogenase A,,,1888356,R15R (CGC→CGT),,,,,,1.00,,,,,,,,,,,,,
NC_000913,"1,869,499",SNP,C→T,yeaH,,DUF444 domain-containing protein YeaH,,,1888357,A182V (GCA→GTA),,,,,,1.00,,,,,,,,,,,,,
NC_000913,"1,870,841",SNP,C→G,cdgI,,putative c-di-GMP binding protein CdgI,,,1888358,Q153E (CAG→GAG),,,,,,1.00,,,,,,,,,,,,,
NC_000913,"1,881,370",SNP,C→T,dmlR,,DNA-binding transcriptional regulator DmlR,,,1888359,R147H (CGC→CAC),,,,,,1.00,,,,,,,,,,,,,
NC_000913,"1,882,292",SNP,C→T,dmlA,,D-malate/3-isopropylmalate dehydrogenase (decarboxylating),,,1888360,I127I (ATC→ATT),,,,,,1.00,,,,,,,,,,,,,
NC_000913,"1,885,714",SNP,C→T,yeaW,,carnitine monooxygenase subunit YeaW,,,1888361,D350D (GAC→GAT),,,,,,1.00,,,,,,,,,,,,,
NC_000913,"1,887,497",SNP,C→G,rnd,,RNase D,,,1888362,K165N (AAG→AAC),,,,,,1.00,,,,,,,,,,,,,
NC_000913,"1,896,764",SNP,C→T,"nudL, sdaA",,putative NUDIX hydrolase with low 3-phosphohydroxypyruvate phosphatase activity/L-serine deaminase I,,,1888363,intergenic (+16/‑168),,,,,,1.00,,,,,,,,,,,,,
NC_000913,"1,896,796",SNP,C→T,"nudL, sdaA",,putative NUDIX hydrolase with low 3-phosphohydroxypyruvate phosphatase activity/L-serine deaminase I,,,1888364,intergenic (+48/‑136),,,,,,1.00,,,,,,,,,,,,,
NC_000913,"1,896,811",SNP,C→G,"nudL, sdaA",,putative NUDIX hydrolase with low 3-phosphohydroxypyruvate phosphatase activity/L-serine deaminase I,,,1888365,intergenic (+63/‑121),,,,,,1.00,,,,,,,,,,,,,
NC_000913,"1,908,609",SNP,C→G,"yebO, mgrB",,uncharacterized protein YebO/PhoQ kinase inhibitor,,,1888366,intergenic (‑61/+14),,,,,,1.00,,,,,,,,,,,,,
NC_000913,"1,910,325",SNP,C→T,yebQ,,putative transporter YebQ,,,1888367,A17V (GCG→GTG),,,,,,1.00,,,,,,,,,,,,,
NC_000913,"1,917,497",SNP,C→G,letA,,intermembrane transport protein LetA,,,1888368,L414V (CTT→GTT),,,,,,1.00,,,,,,,,,,,,,
NC_000913,"1,922,215",SNP,C→T,yebW,,DUF1482 domain-containing protein YebW,,,1888369,S32F (TCT→TTT),,,,,,1.00,,,,,,,,,,,,,
NC_000913,"1,936,038",SNP,C→T,zwf,,NADP(+)-dependent glucose-6-phosphate dehydrogenase,,,1888370,V93I (GTC→ATC),,,,,,1.00,,,,,,,,,,,,,
NC_000913,"1,947,764",SNP,C→T,yebC,,putative transcriptional regulator YebC,,,1888371,V130I (GTT→ATT),,,,,,1.00,,,,,,,,,,,,,
NC_000913,"1,947,779",SNP,C→T,yebC,,putative transcriptional regulator YebC,,,1888372,G125S (GGT→AGT),,,,,,1.00,,,,,,,,,,,,,
NC_000913,"3,241,041",SNP,C→T,sstT,,serine/threonine:Na(+) symporter,,,1888373,A366A (GCC→GCT),,,,,,1.00,,,,,,,,,,,,,
NC_000913,"3,242,435",SNP,C→T,uxaA,,D-altronate dehydratase,,,1888374,V294I (GTA→ATA),,,,,,1.00,,,,,,,,,,,,,
NC_000913,"3,244,136",SNP,C→T,uxaC,,D-glucoronate/D-galacturonate isomerase,,,1888375,A202A (GCG→GCA),,,,,,1.00,,,,,,,,,,,,,
NC_000913,"3,248,754",SNP,C→A,mzrA,,modulator protein MzrA,,,1888376,Q106K (CAG→AAG),,,,,,1.00,,,,,,,,,,,,,
NC_000913,"3,254,552",SNP,C→T,yhaK,,bicupin-related protein,,,1888377,S78S (AGC→AGT),,,,,,1.00,,,,,,,,,,,,,
NC_000913,"4,138,354",SNP,G→T,gldA,,"L-1,2-propanediol dehydrogenase/glycerol dehydrogenase",,,1888378,P228T (CCG→ACG),,,,,,1.00,,,,,,,,,,,,,
NC_000913,"4,584,658",SNP,G→A,hsdR,,type I restriction enzyme EcoKI endonuclease component,,,1888379,L702L (CTG→TTG),,,,,,1.00,,,,,,,,,,,,,
NC_000913,"550,654",SNP,G→A,ybcF,,putative carbamate kinase,,,1888380,P72P (CCG→CCA),,,,,,,,,,,,,,,,,1.00,,
NC_000913,"4,509,739",INS,+T,insO,,KpLE2 phage-like element; IS911B regulator fragment,,,1888381,pseudogene (261/315 nt),,,,,,,,,,,,,,,,,,,1.00
NC_000913,"700,588",DEL,(T)6→5,nagC,,DNA-binding transcriptional dual regulator NagC,,,1888382,coding (1007/1221 nt),,,,,,,1.00,,,,,,,,,,,,
NC_000913,"2,227,218",SNP,C→T,yohF,,putative oxidoreductase YohF,,,1888383,C18Y (TGC→TAC),,,,,,,1.00,,,,,,,,,,,,
NC_000913,"223,836",SNP,A→G,rrsH,,16S ribosomal RNA,,,1888384,noncoding (66/1542 nt),,1.00,,,,,,,,,,,,,,,,,
NC_000913,"223,840",SNP,T→A,rrsH,,16S ribosomal RNA,,,1888385,noncoding (70/1542 nt),,1.00,,,,,,,,,,,,,,,,,
NC_000913,"4,187,220",INS,+GAT,rpoC,,RNA polymerase subunit beta',,,1888386,coding (1871/4224 nt),,,,,,,,,,,,,,1.00,,,,,
NC_000913,"84,013",INS,(T)8→9,"leuL, leuO",,leu operon leader peptide/DNA-binding transcriptional dual regulator LeuO,,,1888387,intergenic (‑305/‑355),,,,,1.00,,,,,,,,,,,,,,
NC_000913,"401,230",SNP,G→T,"ddlA, iraP",,D-alanine--D-alanine ligase A/anti-adaptor protein for sigma(S) stabilization,,,1888388,intergenic (‑307/‑156),,,,,,,,,,,1.00,,,,,,,,
NC_000913,"2,835,654",SNP,G→A,hypF,,carbamoyl--[HypE] ligase,,,1888389,A591V (GCG→GTG),,,,,,,,,,,1.00,1.00,,,,,,,
NC_000913,"701,380",SNP,C→T,nagC,,DNA-binding transcriptional dual regulator NagC,,,1888390,G72E (GGG→GAG),,,,,,,,,,,,,,,,1.00,,,
NC_000913,"1,642,200",MOB,IS5 (+) +4 bp,ynfS,,Qin prophage; protein YnfS,,,1888391,coding (79‑82/90 nt),,,,,,,,,,,,,,,,1.00,,,
NC_000913,"2,801,828",DEL,"Δ10,193 bp","[nrdE],nrdF,proV,proW,proX,ygaZ,ygaH,mprA,[emrA]",,"[nrdE],nrdF,proV,proW,proX,ygaZ,ygaH,mprA,[emrA]",,,1888392,,,,,,,,,,,,,,,,1.00,1.00,,,
NC_000913,"4,296,381",INS,+GC,"gltP, yjcO",,glutamate/aspartate : H(+) symporter GltP/Sel1 repeat-containing protein YjcO,,,1603721,intergenic (+587/+55),1.00,1.00,1.00,1.00,1.00,1.00,1.00,1.00,1.00,1.00,1.00,1.00,1.00,1.00,1.00,1.00,1.00,1.00,1.00
NC_000913,"3,968,395",INS,(ATTGATGGC)1→2,rfe,,UDP-N-acetylglucosamine--undecaprenyl-phosphate N-acetylglucosaminephosphotransferase,,,1888394,coding (480/1104 nt),,,,,,,,,,,,1.00,,,,,,,
NC_000913,"4,186,674",SNP,T→A,rpoC,,RNA polymerase subunit beta',,,1888395,I442N (ATC→AAC),,,,,,,,,,,,1.00,,,,,,,
NC_000913,"4,037,308",SNP,T→A,alaT,,tRNA-Ala,,,1627715,noncoding (49/76 nt),,,,,,,,,,,,,,,,1.00,,,
NC_000913,"4,181,849",SNP,G→T,rpoB,,RNA polymerase subunit beta,,,1888393,R202L (CGT→CTT),,,,,,,,,,,,,,,,1.00,,,
NC_000913,"1,529,218",SNP,C→T,"yncH, ydcD",,DUF5445 domain-containing protein YncH/uncharacterized protein YdcD,,,1837124,intergenic (+2066/‑704),,1.00,1.00,1.00,,,,1.00,1.00,1.00,1.00,1.00,,1.00,1.00,1.00,1.00,1.00,1.00
NC_000913,"4,037,326",SNP,A→G,alaT,,tRNA-Ala,,,1627717,noncoding (67/76 nt),,,,,,,,,,,,,,,,1.00,,,
NC_000913,"4,188,572",SNP,C→T,rpoC,,RNA polymerase subunit beta',,,1659505,R1075C (CGT→TGT),,,,,,,,,,,,,,,,,1.00,,
NC_000913,"3,520,601",SNP,G→A,hofQ,,DNA utilization protein HofQ,,,1888327,Q35* (CAG→TAG),,,1.00,,,,,,,,,,,,,,,,
NC_000913,"2,562,251",SNP,G→A,yffO,,CPZ-55 prophage; uncharacterized protein YffO,,,1888317,L47L (TTG→TTA),,,,,,,,,,1.00,,,,,,,,,
NC_000913,"4,037,324",SNP,A→T,alaT,,tRNA-Ala,,,1627716,noncoding (65/76 nt),,,,,,,,,,,,,,,,1.00,,,
NC_000913,"3,815,859",DEL,Δ82 bp,[rph],,[rph],,,1120692,,,,,,1.00,1.00,1.00,1.00,1.00,1.00,1.00,1.00,1.00,,1.00,1.00,,1.00,1.00
NC_000913,"4,037,265",SNP,T→C,alaT,,tRNA-Ala,,,1627712,noncoding (6/76 nt),,,,,,,,,,,,,,,,1.00,,,
NC_000913,"2,999,680",DEL,(G)7→6,ygeR,,LysM domain-containing putative peptidase lipoprotein YgeR,,,1616830,coding (212/756 nt),,,,,,1.00,,,,,,,,,,,,,
NC_000913,"2,375,828",MOB,IS186 (+) +4 bp,menC,,o-succinylbenzoate synthase,,,1603784,coding (132‑135/963 nt),,,,,,,,,,,,,,,,,1.00,,
NC_000913,"2,563,390",SNP,T→G,"yffP, yffQ",,CPZ-55 prophage; uncharacterized protein YffP/CPZ-55 prophage; uncharacterized protein YffQ,,,1888318,intergenic (+273/‑202),,,,,,,,,,1.00,,,,,,,,,
NC_000913,"4,037,291",SNP,T→C,alaT,,tRNA-Ala,,,1627713,noncoding (32/76 nt),,,,,,,,,,,,,,,,1.00,,,
NC_000913,"3,968,971",DEL,Δ1 bp,rfe,,UDP-N-acetylglucosamine--undecaprenyl-phosphate N-acetylglucosaminephosphotransferase,,,1888319,coding (1056/1104 nt),,,,,,,,,,1.00,,,,,,,,,
NC_000913,"702,331",DEL,Δ1 bp,nagA,,N-acetylglucosamine-6-phosphate deacetylase,,,801516,coding (421/1149 nt),,,,,,,,,,,,,1.00,,,,,,
NC_000913,"3,815,810",SNP,G→T,"pyrE, rph",,orotate phosphoribosyltransferase/truncated RNase PH,,,1615861,intergenic (‑42/+53),,1.00,1.00,1.00,,,,,,,,,,,,,,,
