Reference Seq,Position,Mutation Type,Sequence Change,Gene,Function,Product,GO Process,GO Component,Mut ID,Details,TOL isobutyric acid A1 F50 I1 R1,TOL isobutyric acid A1 F50 I2 R1,TOL isobutyric acid A2 F50 I1 R1,TOL isobutyric acid A2 F50 I2 R1,TOL isobutyric acid A2 F50 I3 R1,TOL isobutyric acid A3 F50 I1 R1,TOL isobutyric acid A3 F50 I2 R1,TOL isobutyric acid A4 F50 I1 R1,TOL isobutyric acid A4 F50 I2 R1,TOL isobutyric acid A4 F50 I3 R1,TOL isobutyric acid A5 F50 I1 R1,TOL isobutyric acid A5 F50 I2 R1,TOL isobutyric acid A6 F50 I1 R1,TOL isobutyric acid A6 F50 I2 R1,TOL isobutyric acid A7 F50 I1 R1,TOL isobutyric acid A7 F50 I2 R1,TOL isobutyric acid A7 F50 I3 R1,TOL isobutyric acid A8 F50 I1 R1,TOL isobutyric acid A8 F50 I2 R1,TOL isobutyric acid A8 F50 I3 R1
NC_000913,"4,037,067",SNP,T→C,rrsA,,,,,186752,noncoding (1537/1542 nt),,,,,,,,,,,,,,,,,,,,1.00
NC_000913,"1,299,499",DEL,"Δ1,199 bp","ychE, oppA",,,,,45582,intergenic (+254/‑485),1.00,,1.00,,1.00,,,,1.00,,,,1.00,,,,,1.00,,
NC_000913,"538,086",MOB,IS5 (–) +4 bp,ybbW,,,,,186682,coding (454‑457/1455 nt),,,,,,,,,,,,,,1.00,,,,,,
NC_000913,"1,143,323",SNP,C→T,rne,,,,,186683,D349N (GAC→AAC) ,,,,,,,,,,,,,,1.00,,,,,,
NC_000913,"1,265,009",SNP,C→A,"hemA, prfA",,,,,186684,intergenic (+39/‑3),,,,,,,,,,,1.00,1.00,,1.00,,,,,,
NC_000913,"1,756,495",INS,(A)5→6,pykF,,,,,186685,coding (798/1413 nt),,,,,,,,,,,,,1.00,1.00,,,,1.00,1.00,1.00
NC_000913,"3,725,175",SNP,C→G,glyQ,,,,,186686,E48D (GAG→GAC) ,,,,,,,,,,,,,1.00,1.00,,,,1.00,1.00,1.00
NC_000913,"4,187,214",SNP,A→C,rpoC,,,,,186687,D622A (GAC→GCC) ,,,,,,,,,,,,,,1.00,,,,,,
NC_000913,"4,281,707",MOB,IS5 (+) +4 bp,"yjcE, yjcF",,,,,186688,intergenic (+78/+73),,,,,,,,,,,,,,1.00,,,,,,
NC_000913,"1,352,926",SNP,C→T,sapD,,,,,186689,G235S (GGT→AGT) ,,,1.00,1.00,1.00,,,,,,,,,,,,,,,
NC_000913,"1,755,687",MOB,IS5 (–) +4 bp,"ydhZ, pykF",,,,,186690,intergenic (‑546/‑8),,,1.00,1.00,1.00,,,,,,,,,,,,,,,
NC_000913,"3,449,508",INS,(GAACATAACGCGACG)1→2,rpsC,,,,,186691,coding (376/702 nt),,,,1.00,,,,,,,,,,,,,,,,
NC_000913,"3,905,639",DEL,(A)9→8,"bglF, bglG",,,,,186692,intergenic (‑42/+92),,,1.00,1.00,1.00,,,,,,,,,,,,,,,
NC_000913,"4,161,966",SNP,C→A,yijD,,,,,186693,L66M (CTG→ATG) ,,,1.00,1.00,1.00,,,,,,,,,,,,,,,
NC_000913,"4,187,619",SNP,C→A,rpoC,,,,,186694,T757K (ACG→AAG) ,,,1.00,1.00,1.00,,,,,,,,,,,,,,,
NC_000913,"87,381",SNP,C→T,ilvH,,,,,186695,L9F (CTC→TTC) ,,,,,,,,,,,,,,,,,,1.00,1.00,
NC_000913,"1,995,819",DEL,"Δ40,006 bp","[yecF], sdiA, yecC, yecS, dcyD, fliY, fliZ, fliA, fliC, fliD, fliS, fliT, amyA, yedD, yedE, yedF, yedK, yedL, yedN, yedN, yedN, intG, fliE, fliF, fliG, fliH, fliI, fliJ, fliK, fliL, fliM, fliN, fliO, fliP, fliQ, fliR, rcsA, dsrB, yodD, yedP, yedQ, yodC, yedI, yedA, vsr, dcm, yedJ, yedR, yedS, yedS",,,,,186696,,,,,,,,,,,,,,,,,,,1.00,1.00,
NC_000913,"20,771",SNP,C→A,"insA, rpsT",,,,,186697,intergenic (‑263/+44),1.00,,,,,,,,,,,,,,,,,,,
NC_000913,"1,755,755",MOB,IS5 (–) +4 bp,pykF,,,,,186698,coding (58‑61/1413 nt),1.00,,,,,,,,,,,,,,,,,,,
NC_000913,"2,967,576",MOB,IS5 (+) +4 bp,ptsP,,,,,186699,coding (856‑859/2247 nt),1.00,,,,,,,,,,,,,,,,,,,
NC_000913,"4,183,097",SNP,A→T,rpoB,,,,,186700,Q618L (CAG→CTG) ,1.00,,,,,,,,,,,,,,,,,,,
NC_000913,"1,354,314",SNP,A→G,sapC,,,,,186701,S69P (TCG→CCG) ,,,,,,,,,,,,,,,1.00,1.00,1.00,,,
NC_000913,"1,756,434",SNP,A→G,pykF,,,,,186702,D246G (GAC→GGC) ,,,,,,,,,,,,,,,1.00,1.00,1.00,,,
NC_000913,"3,474,485",SNP,G→A,rpsL,,,,,186703,A23V (GCG→GTG) ,,,,,,,,,,,,,,,,1.00,,,,
NC_000913,"4,182,820",SNP,C→T,rpoB,,,,,186704,H526Y (CAC→TAC) ,,,,,,,1.00,1.00,1.00,1.00,1.00,1.00,,,1.00,1.00,1.00,,,
NC_000913,"4,354,843",SNP,G→T,"lysU, dtpC",,,,,186705,intergenic (‑126/+111),,,,,,,,,,,,,,,,1.00,,,,
NC_000913,"383,289",SNP,C→T,yaiP,,,,,186722,W216* (TGG→TAG) ,,,,,,,,,,1.00,,,,,,,,,,
NC_000913,"926,293",SNP,C→T,infA,,,,,186723,D51N (GAC→AAC) ,,,,,,,,,,1.00,,,,,,,,,,
NC_000913,"1,756,894",INS,+TG,pykF,,,,,186724,coding (1197/1413 nt),,,,,,,,1.00,1.00,1.00,,,,,,,,,,
NC_000913,"3,084,357",DEL,Δ1 bp,speA,,,,,186725,coding (1555/1977 nt),,,,,,,,,,1.00,,,,,,,,,,
NC_000913,"3,449,388",SNP,C→T,rpsC,,,,,186746,E166K (GAA→AAA) ,,,1.00,,1.00,,,,,,,,,,,,,,,
NC_000913,"1,472,662",MOB,IS5 (–) +4 bp,ydbA,,,,,186747,pseudogene (2146‑2149/3497 nt),,,,,,,1.00,,,,,,,,,,,,,
NC_000913,"1,757,082",MOB,+G :: IS5 (–) +3 bp,pykF,,,,,186748,coding (1385‑1387/1413 nt),,,,,,,1.00,,,,,,,,,,,,,
NC_000913,"3,441,417",SNP,C→A,rpsD,,,,,186749,G87C (GGT→TGT) ,,,,,,,,,1.00,,,,,,,,,,,
NC_000913,"2,563,402",SNP,C→A,"yffP, yffQ",,,,,186750,intergenic (+285/‑190),,,,,,,,,,,,,,,,,,,,1.00
NC_000913,"3,851,044",SNP,T→G,ilvN,,,,,186751,N17H (AAC→CAC) ,,,,,,,,,,,,,,,,,,,,1.00
NC_000913,"3,906,597",SNP,C→A,"bglG, phoU",,,,,181632,intergenic (‑30/+256),,,,,,,,,,1.00,,,,,,,,,,
NC_000913,"37,693",SNP,A→C,caiC,,,,,186753,N44K (AAT→AAG) ,,,,,,1.00,,,,,,,,,,,,,,
NC_000913,"100,657",SNP,T→G,murG,,,,,186754,I338M (ATT→ATG) ,,,,,,1.00,,,,,,,,,,,,,,
NC_000913,"111,028",INS,+46 bp,"secA, mutT",,,,,186755,intergenic (+44/‑16),,,,,,1.00,,,,,,,,,,,,,,
NC_000913,"140,169",SNP,T→G,gcd,,,,,186756,T353P (ACC→CCC) ,,,,,,1.00,,,,,,,,,,,,,,
NC_000913,"146,136",SNP,T→G,yadE,,,,,186757,F352L (TTT→TTG) ,,,,,,1.00,,,,,,,,,,,,,,
NC_000913,"522,892",SNP,A→C,"ybbP, rhsD",,,,,186758,intergenic (+62/‑369),,,,,,1.00,,,,,,,,,,,,,,
NC_000913,"532,886",SNP,A→C,allA,,,,,186759,N146H (AAC→CAC) ,,,,,,1.00,,,,,,,,,,,,,,
NC_000913,"707,238",SNP,T→G,glnS,,,,,186760,F382L (TTT→TTG) ,,,,,,1.00,,,,,,,,,,,,,,
NC_000913,"943,261",SNP,T→G,dmsA,,,,,186761,L768R (CTG→CGG) ,,,,,,1.00,,,,,,,,,,,,,,
NC_000913,"1,343,574",SNP,T→G,"osmB, yciT",,,,,186762,intergenic (‑246/+23),,,,,,1.00,,,,,,,,,,,,,,
NC_000913,"1,356,671",SNP,T→G,sapA,,,,,186763,Y147S (TAC→TCC) ,,,,,,1.00,,,,,,,,,,,,,,
NC_000913,"1,425,236",MOB,IS5 (–) +4 bp,trkG,,,,,186764,coding (1455‑1458/1458 nt),,,,,,1.00,,,,,,,,,,,,,,
NC_000913,"1,502,324",SNP,T→G,"tehB, ydcL",,,,,186765,intergenic (+169/‑133),,,,,,1.00,,,,,,,,,,,,,,
NC_000913,"1,583,769",SNP,T→G,safA,,,,,186766,Q64P (CAA→CCA) ,,,,,,1.00,,,,,,,,,,,,,,
NC_000913,"1,614,214",SNP,T→G,sad,,,,,186767,N164H (AAT→CAT) ,,,,,,1.00,,,,,,,,,,,,,,
NC_000913,"1,756,083",SNP,T→C,pykF,,,,,186768,L129P (CTG→CCG) ,,,,,,1.00,,,,,,,,,,,,,,
NC_000913,"1,821,514",SNP,T→G,chbB,,,,,186769,I36L (ATT→CTT) ,,,,,,1.00,,,,,,,,,,,,,,
NC_000913,"1,903,203",SNP,T→G,manY,,,,,186770,I41S (ATC→AGC) ,,,,,,1.00,,,,,,,,,,,,,,
NC_000913,"2,085,510",SNP,A→C,yeeE,,,,,186771,L6V (TTA→GTA) ,,,,,,1.00,,,,,,,,,,,,,,
NC_000913,"2,133,868",SNP,A→C,wzc,,,,,186772,A595A (GCT→GCG) ,,,,,,1.00,,,,,,,,,,,,,,
NC_000913,"2,173,468",SNP,A→C,gatC,,,,,186773,pseudogene (811/914 nt),,,,,,1.00,,,,,,,,,,,,,,
NC_000913,"2,343,454",SNP,T→G,yfaL,,,,,186774,Y239S (TAT→TCT) ,,,,,,1.00,,,,,,,,,,,,,,
NC_000913,"2,406,260",SNP,A→C,lrhA,,,,,186775,L128V (TTA→GTA) ,,,,,,1.00,,,,,,,,,,,,,,
NC_000913,"2,495,641",SNP,A→C,"yfdY, lpxP",,,,,186776,intergenic (‑349/‑4),,,,,,1.00,,,,,,,,,,,,,,
NC_000913,"2,511,580",SNP,A→C,mntH,,,,,186777,L376W (TTG→TGG) ,,,,,,1.00,,,,,,,,,,,,,,
NC_000913,"2,583,262",SNP,T→G,nudK,,,,,186778,N73H (AAT→CAT) ,,,,,,1.00,,,,,,,,,,,,,,
NC_000913,"2,591,492",SNP,A→C,yffB,,,,,186779,L82F (TTA→TTC) ,,,,,,1.00,,,,,,,,,,,,,,
NC_000913,"2,751,315",SNP,T→G,nadK,,,,,186780,F162C (TTC→TGC) ,,,,,,1.00,,,,,,,,,,,,,,
NC_000913,"2,828,281",SNP,T→G,srlD,,,,,186781,L182R (CTG→CGG) ,,,,,,1.00,,,,,,,,,,,,,,
NC_000913,"3,000,850",SNP,A→C,xdhA,,,,,186782,Q169P (CAG→CCG) ,,,,,,1.00,,,,,,,,,,,,,,
NC_000913,"3,021,392",SNP,T→G,xdhD,,,,,186783,L26W (TTG→TGG) ,,,,,,1.00,,,,,,,,,,,,,,
NC_000913,"3,067,245",SNP,T→G,"ygfI, yggE",,,,,186784,intergenic (‑72/+95),,,,,,1.00,,,,,,,,,,,,,,
NC_000913,"3,378,200",SNP,T→G,rpsI,,,,,186785,E3A (GAA→GCA) ,,,,,,1.00,,,,,,,,,,,,,,
NC_000913,"3,927,462",SNP,A→C,asnA,,,,,186786,E103A (GAA→GCA) ,,,,,,1.00,,,,,,,,,,,,,,
NC_000913,"3,989,853",SNP,T→G,hemC,,,,,186787,E305A (GAA→GCA) ,,,,,,1.00,,,,,,,,,,,,,,
NC_000913,"4,032,395",SNP,A→C,pepQ,,,,,186788,E412A (GAA→GCA) ,,,,,,1.00,,,,,,,,,,,,,,
NC_000913,"4,153,955",SNP,A→C,argE,,,,,186789,L298R (CTG→CGG) ,,,,,,1.00,,,,,,,,,,,,,,
NC_000913,"4,180,393",SNP,A→C,rplJ,,,,,186790,E133A (GAA→GCA) ,,,,,,1.00,,,,,,,,,,,,,,
NC_000913,"4,182,313",SNP,A→C,rpoB,,,,,186791,N357H (AAC→CAC) ,,,,,,1.00,,,,,,,,,,,,,,
NC_000913,"4,187,214",SNP,A→T,rpoC,,,,,186792,D622V (GAC→GTC) ,,,,,,1.00,,,,,,,,,,,,,,
NC_000913,"4,586,506",SNP,A→C,hsdR,,,,,186793,L86V (TTA→GTA) ,,,,,,1.00,,,,,,,,,,,,,,
NC_000913,"4,609,163",SNP,T→G,yjjG,,,,,186794,M173R (ATG→AGG) ,,,,,,1.00,,,,,,,,,,,,,,
NC_000913,"1,756,217",SNP,G→T,pykF,,,,,186795,D174Y (GAC→TAC) ,,,,,,,,,,,1.00,1.00,,,,,,,,
NC_000913,"2,866,767",SNP,C→T,rpoS,,,,,186796,W262* (TGG→TAG) ,,,,,,,,,,,1.00,,,,,,,,,
NC_000913,"1,354,686",SNP,A→C,sapB,,,,,186806,V262G (GTT→GGT) ,,,,,,,,1.00,,,,,,,,,,,,
NC_000913,"4,603,494",SNP,C→A,yjjQ,,,,,186807,C6* (TGC→TGA) ,,,,,,,,1.00,,,,,,,,,,,,
NC_000913,"2,867,356",DEL,Δ1 bp,rpoS,,,,,186815,coding (196/993 nt),,,,,,,,,,,,,1.00,,,,,,,
NC_000913,"3,315,513",SNP,T→G,infB,,,,,186816,N168H (AAC→CAC) ,,,,,,,,,,,,,1.00,,,,,,,
NC_000913,"4,184,792",SNP,C→T,rpoB,,,,,186817,A1183V (GCA→GTA) ,,,,,,,,,,,,,1.00,,,,,,,
NC_000913,"255,591",DEL,"Δ18,364 bp","[pepD], gpt, frsA, crl, crl, phoE, proB, proA, thrW, ykfN, ykfI, yafW, ykfH, ykfG, yafX, ykfF, ykfB, yafY, ykfL, ykfK, yafZ, ykfA, perR, insN, insI1, insN, [ykfC]",,,,,186818,IS5‑mediated,,1.00,,,,,,,,,,,,,,,,,,
NC_000913,"1,756,637",SNP,G→C,pykF,,,,,186819,E314Q (GAA→CAA) ,,1.00,,,,,,,,,,,,,,,,,,
NC_000913,"1,969,313",SNP,C→A,cheR,,,,,186820,E18* (GAG→TAG) ,,1.00,,,,,,,,,,,,,,,,,,
NC_000913,"2,037,332",SNP,G→T,yedV,,,,,186821,T274K (ACA→AAA) ,,1.00,,,,,,,,,,,,,,,,,,
NC_000913,"3,327,665",MOB,IS5 (+) +4 bp,"rlmE, yhbY",,,,,186822,intergenic (‑1/‑122),,1.00,,,,,,,,,,,,,,,,,,
NC_000913,"4,182,938",SNP,A→C,rpoB,,,,,186823,E565A (GAA→GCA) ,,1.00,,,,,,,,,,,,,,,,,,
NC_000913,"2,867,337",DEL,Δ96 bp,rpoS,,,,,186824,coding (120‑215/993 nt),,,,,,,,,,,,1.00,,,,,,,,
NC_000913,"1,352,163",SNP,G→A,sapF,,,,,186060,R158C (CGT→TGT) ,,,,,,,1.00,,,,,,,,,,,,,
NC_000913,"1,907,448",MOB,IS5 (–) +4 bp,yobF,(phenotype; Not classified),(DUF2527 family heat-induced protein),(),(GO:0005737 - cytoplasm),26323,coding (141‑144/144 nt),,,1.00,1.00,1.00,,,,,,,,,,,,,,,
NC_000913,"3,815,808",DEL,(A)8→7,"pyrE, rph",,,,,59615,intergenic (‑40/+26),,,,,,,,,,,,,1.00,,,,,,,
NC_000913,"1,978,503",DEL,Δ776 bp,"insB1, insA",,,,,45297,,1.00,1.00,1.00,1.00,1.00,1.00,1.00,1.00,1.00,1.00,1.00,1.00,1.00,1.00,1.00,1.00,1.00,1.00,1.00,1.00
NC_000913,"3,815,859",DEL,Δ82 bp,"[rph], [rph]",,,,,45309,,,,,,,,,,,,,,,,,,,1.00,1.00,1.00
