Reference Seq,Position,Mutation Type,Sequence Change,Gene,Function,Product,GO Process,GO Component,Mut ID,Details,TOL glutaric acid A1 F50 I1 R1,TOL glutaric acid A1 F50 I2 R1,TOL glutaric acid A1 F50 I3 R1,TOL glutaric acid A2 F50 I1 R1,TOL glutaric acid A2 F50 I2 R1,TOL glutaric acid A2 F50 I3 R2,TOL glutaric acid A3 F50 I1 R1,TOL glutaric acid A3 F50 I2 R2,TOL glutaric acid A3 F50 I3 R1,TOL glutaric acid A4 F50 I1 R1,TOL glutaric acid A4 F50 I2 R2,TOL glutaric acid A4 F50 I3 R1,TOL glutaric acid A5 F50 I1 R1,TOL glutaric acid A5 F50 I2 R1,TOL glutaric acid A5 F50 I3 R2,TOL glutaric acid A6 F50 I1 R1,TOL glutaric acid A6 F50 I2 R2,TOL glutaric acid A6 F50 I3 R1,TOL glutaric acid A7 F50 I1 R2,TOL glutaric acid A7 F50 I2 R1,TOL glutaric acid A7 F50 I3 R2,TOL glutaric acid A8 F50 I1 R2,TOL glutaric acid A8 F50 I2 R1,TOL glutaric acid A8 F50 I3 R1
NC_000913,"481,075",SNP,A→G,"tomB, acrB",,,,,186368,intergenic (‑367/+179),,,,1.00,,,,,,,,,,,,,,,,,,,,
NC_000913,"3,236,414",SNP,A→C,ygjP,,,,,186369,D152A (GAC→GCC) ,,,,1.00,,,,,,,,,,,,,,,,,,,,
NC_000913,"701,188",MOB,IS1 (–) +9 bp,nagC,,,,,186370,coding (399‑407/1221 nt),,,,,,,,,,1.00,1.00,,,,,,,,,,,,,
NC_000913,"2,724,611",SNP,G→A,kgtP,,,,,186371,A379V (GCG→GTG) ,,,,,,,,,,1.00,1.00,,,,,,,,,,,,,
NC_000913,"2,807,199",DEL,Δ8 bp,proX,,,,,186372,coding (68‑75/993 nt),,,,,,,,,,1.00,1.00,,,,,,,,,,,,,
NC_000913,"3,824,137",SNP,G→T,spoT,,,,,186373,D580Y (GAC→TAC) ,,,,,,,,,,1.00,1.00,,,,,,,,,,,,,
NC_000913,"1,654,069",SNP,G→C,rspA,,,,,186375,T358S (ACT→AGT) ,,,,,,1.00,,,,,,,,,,,,,,,,,,
NC_000913,"64,352",SNP,G→C,polB,,,,,186120,R477G (CGC→GGC) ,,,,,,,,,,,,,,,,,,,,,,1.00,1.00,1.00
NC_000913,"2,390,019",SNP,G→A,"yfbP, nuoN",,,,,186377,intergenic (+55/+29),,,,,,,,,,,1.00,,,,,,,,,,,,,
NC_000913,"3,195,220",MOB,IS186 (–) +4 bp,"ibsE, hldE",,,,,186378,intergenic (+20/+97),,,,,,,,,,,1.00,,,,,,,,,,,,,
NC_000913,"2,725,818",SNP,A→G,"kgtP, rrfG",,,,,186382,intergenic (‑72/+251),,,,,,,,,,,,,,,,,,,,,,1.00,,
NC_000913,"2,810,987",MOB,IS1 (–) +9 bp,mprA,,,,,186383,coding (218‑226/531 nt),,,,,,,,,,,,,,,,,,,,,,1.00,,
NC_000913,"4,185,540",SNP,C→T,rpoC,,,,,136737,P64L (CCG→CTG) ,,,,,,,,,,,,,,,,,,,,,,1.00,1.00,1.00
NC_000913,"1,354,284",SNP,C→A,sapC,,,,,186122,G79W (GGG→TGG) ,,,,,,,,,,,,,,,,,,,,,,,1.00,1.00
NC_000913,"1,299,499",DEL,"Δ1,199 bp","ychE, oppA",,,,,45582,intergenic (+254/‑485),,,1.00,,,,,,1.00,,1.00,1.00,,,,,1.00,1.00,1.00,,,,,1.00
NC_000913,"4,607,712",SNP,C→T,"rsmC, holD",,,,,186340,intergenic (‑12/‑91),,,,,,,,,,,,,,,,,,,,,1.00,,,
NC_000913,"2,725,209",DEL,Δ9 bp,kgtP,,,,,186357,coding (530‑538/1299 nt),,,,,,,,,,,,,,,,,,,,,,,,1.00
NC_000913,"4,186,605",SNP,A→C,rpoC,(),"(RNA polymerase, beta prime subunit)",(GO:0006350 - transcription),(GO:0005737 - cytoplasm),59785,H419P (CAC→CCC) ,1.00,1.00,,,,1.00,1.00,1.00,,,,1.00,,,,,,,,,,,,
NC_000913,"3,969,051",INS,+G,wzzE,,,,,186350,coding (21/1047 nt),,,,,,,,,1.00,,,,,,,,,,,,,,,
NC_000913,"2,804,926",DEL,(A)6→5,proV,,,,,186358,coding (112/1203 nt),,,,,,,,,,,,,,,,,,,,,,,,1.00
NC_000913,"2,725,375",DEL,Δ1 bp,kgtP,,,,,186351,coding (372/1299 nt),,,,,,,,,,,,,1.00,1.00,1.00,,,,,,,,,
NC_000913,"3,823,106",SNP,G→T,spoT,,,,,186353,R236L (CGC→CTC) ,,,,,,,,,,,,,1.00,1.00,1.00,,,,,,,,,
NC_000913,"2,262,665",SNP,G→A,fruB,,,,,186326,S277S (AGC→AGT) ,,,,,,,,,,,,,,,,,,,,,1.00,,,
NC_000913,"657,215",DEL,Δ25 bp,"pagP, cspE",,,,,186293,intergenic (+98/‑53),,,,,,,,,,,,,,,,1.00,1.00,,,,,,,
NC_000913,"700,680",MOB,IS1 (+) +9 bp,nagC,,,,,186294,coding (907‑915/1221 nt),,,,,,,,,,,,,,,,1.00,1.00,,,,,,,
NC_000913,"2,725,370",SNP,A→C,kgtP,,,,,186295,L126* (TTA→TGA) ,,,,,,,,,,,,,,,,1.00,1.00,,,,,,,
NC_000913,"2,765,456",DEL,(TATGGCAC)6→5,"yfjL, yfjM",,,,,186296,intergenic (‑303/+50),,,,,,,,,,,,,,,,1.00,1.00,,,,,,,
NC_000913,"3,823,105",SNP,C→A,spoT,,,,,186297,R236S (CGC→AGC) ,,,,,,,,,,,,,,,,1.00,1.00,,,,,,,
NC_000913,"701,614",MOB,IS1 (+) +9 bp,nagA,,,,,186298,coding (1130‑1138/1149 nt),,,,1.00,1.00,1.00,,,,,,,,,,,,,,,,,,
NC_000913,"1,347,882",DEL,Δ1 bp,rnb,,,,,186299,coding (1031/1935 nt),,,,,1.00,,,,,,,,,,,,,,,,,,,
NC_000913,"3,823,751",SNP,C→A,spoT,,,,,186300,A451D (GCT→GAT) ,,,,1.00,1.00,1.00,,,,,,,,,,,,,,,,,,
NC_000913,"701,889",MOB,IS1 (+) +9 bp,nagA,,,,,186303,coding (855‑863/1149 nt),,,,,,,,,,,,,,,,,,1.00,,,,,,
NC_000913,"1,728,425",SNP,G→A,rnt,,,,,186304,A27T (GCC→ACC) ,,,,,,,,,,,,,,,,,,1.00,,,,,,
NC_000913,"2,672,981",DEL,(CGCTAC)2→1,hcaD,,,,,186305,coding (935‑940/1203 nt),,,,,,,,,,,,,,,,,,1.00,,,,,,
NC_000913,"2,724,732",INS,(AAAAGC)1→2,kgtP,,,,,186306,coding (1015/1299 nt),,,,,,,,,,,,,,,,,,1.00,,,,,,
NC_000913,"3,823,139",SNP,T→A,spoT,,,,,186307,M247K (ATG→AAG) ,,,,,,,,,,,,,,,,,,1.00,,,,,,
NC_000913,"2,724,971",SNP,A→C,kgtP,,,,,186308,F259C (TTC→TGC) ,,,,,,,1.00,1.00,,,,1.00,,,,,,,,,,,,
NC_000913,"3,823,770",SNP,G→T,spoT,,,,,186309,W457C (TGG→TGT) ,,,,,,,1.00,1.00,,,,,,,,,,,,,,,,
NC_000913,"700,614",MOB,IS1 (–) +9 bp,nagC,,,,,186310,coding (973‑981/1221 nt),1.00,1.00,,,,,,,,,,,,,,,,,,,,,,
NC_000913,"1,347,104",SNP,G→T,rnb,,,,,186311,C603* (TGC→TGA) ,1.00,1.00,,,,,,,,,,,,,,,,,,,,,,
NC_000913,"1,630,841",SNP,C→A,ydfI,,,,,186312,V25F (GTT→TTT) ,1.00,,,,,,,,,,,,,,,,,,,,,,,
NC_000913,"2,725,672",DEL,(C)5→4,kgtP,,,,,186313,coding (75/1299 nt),1.00,1.00,1.00,,,,,,,,,,,,,,,,,,1.00,,,
NC_000913,"3,823,664",SNP,T→C,spoT,,,,,186314,V422A (GTG→GCG) ,1.00,1.00,1.00,,,,,,,,,,,,,,,,,,,,,
NC_000913,"1,636,300",SNP,T→G,nohQ,,,,,186315,pseudogene (68/528 nt),,,,,,,,,,,,,,,,,,,,1.00,,,,
NC_000913,"1,728,926",SNP,T→C,rnt,,,,,186316,F194L (TTT→CTT) ,,,,,,,,,,,,,,,,,,,1.00,1.00,,,,
NC_000913,"2,724,848",SNP,C→A,kgtP,,,,,186317,G300V (GGC→GTC) ,,,,,,,,,,,,,,,,,,,1.00,1.00,,,,
NC_000913,"3,824,201",DEL,Δ6 bp,spoT,,,,,186318,coding (1802‑1807/2109 nt),,,,,,,,,,,,,,,,,,,1.00,1.00,,,,
NC_000913,"2,788,702",MOB,IS5 (+) +4 bp,"ygaQ, csiD",,,,,186319,intergenic (+53/‑280),,,,,,,,,,,,1.00,,,,,,,,,,,,
NC_000913,"3,823,751",SNP,C→T,spoT,,,,,186320,A451V (GCT→GTT) ,,,,,,,,,,,,1.00,,,,,,,,,,,,
NC_000913,"443,040",SNP,C→T,"thiI, yajL",,,,,186321,intergenic (+43/+11),,,,,,,,,,,,,,,,,,,,,1.00,,,
NC_000913,"660,573",SNP,T→C,ybeF,,,,,186322,N269S (AAC→AGC) ,,,,,,,,,,,,,,,,,,,,,1.00,,,
NC_000913,"874,067",SNP,G→A,yliE,,,,,186323,R363R (CGG→CGA) ,,,,,,,,,,,,,,,,,,,,,1.00,,,
NC_000913,"1,187,352",SNP,G→A,roxA,,,,,186324,L297L (CTG→TTG) ,,,,,,,,,,,,,,,,,,,,,1.00,,,
NC_000913,"1,728,884",SNP,G→A,rnt,,,,,186325,A180T (GCG→ACG) ,,,,,,,,,,,,,,,,,,,,,1.00,,,
NC_000913,"1,029,739",DEL,(A)8→7,rlmI,,,,,123094,coding (231/1191 nt),,,,,,,,,,,,,,,,,,,,,1.00,,,
NC_000913,"2,465,722",DEL,Δ1 bp,yfdC,,,,,186327,coding (422/933 nt),,,,,,,,,,,,,,,,,,,,,1.00,,,
NC_000913,"3,156,603",SNP,T→C,"yqhD, dkgA",,,,,186328,intergenic (+85/‑20),,,,,,,,,,,,,,,,,,,,,1.00,,,
NC_000913,"3,263,200",SNP,G→A,tdcD,,,,,186329,A154V (GCT→GTT) ,,,,,,,,,,,,,,,,,,,,,1.00,,,
NC_000913,"3,378,539",SNP,C→G,rplM,,,,,186330,G38A (GGT→GCT) ,,,,,,,,,,,,,,,,,,,,,1.00,,,
NC_000913,"3,485,967",SNP,A→G,"yhfA, crp",,,,,186331,intergenic (‑149/‑153),,,,,,,,,,,,,,,,,,,,,1.00,,,
NC_000913,"3,510,180",SNP,T→C,yhfX,,,,,186332,N266S (AAC→AGC) ,,,,,,,,,,,,,,,,,,,,,1.00,,,
NC_000913,"3,634,152",SNP,T→C,yhiL,,,,,186333,pseudogene (307/1194 nt),,,,,,,,,,,,,,,,,,,,,1.00,,,
NC_000913,"3,779,384",SNP,A→G,lldR,,,,,186334,S111G (AGC→GGC) ,,,,,,,,,,,,,,,,,,,,,1.00,,,
NC_000913,"3,823,724",SNP,C→T,spoT,,,,,186335,T442I (ACC→ATC) ,,,,,,,,,,,,,,,,,,,,,1.00,,,
NC_000913,"3,943,892",DEL,(G)5→4,rrlC,,,,,186336,noncoding (189/2904 nt),,,,,,,,,,,,,,,,,,,,,1.00,,,
NC_000913,"3,999,387",DEL,Δ1 bp,uvrD,,,,,186337,coding (1405/2163 nt),,,,,,,,,,,,,,,,,,,,,1.00,,,
NC_000913,"4,037,513",SNP,T→C,"alaT, rrlA",,,,,186338,intergenic (+178/‑6),,,,,,,,,,,,,,,,,,,,,1.00,,,
NC_000913,"4,219,696",SNP,C→T,aceK,,,,,186339,G367G (GGC→GGT) ,,,,,,,,,,,,,,,,,,,,,1.00,,,
NC_000913,"701,381",DEL,(C)5→4,nagC,(),(),(),(GO:0005737 - cytoplasm),45284,coding (214/1221 nt),,,,,,,,,,,,,,,,,,,,,1.00,,,
NC_000913,"701,396",SNP,G→A,nagC,,,,,186341,Q67* (CAG→TAG) ,,,,,,,,,,,,,,,,,,,1.00,,,,,
NC_000913,"702,338",INS,(T)7→8,nagA,,,,,186342,coding (414/1149 nt),,,,,,,,,,,,,,,,,,,,,,,1.00,
NC_000913,"2,725,232",SNP,C→A,kgtP,,,,,186343,G172V (GGA→GTA) ,,,,,,,,,,,,,,,,,,,,,,,1.00,
NC_000913,"318,484",SNP,C→T,rclB,,,,,186345,L28L (CTG→CTA) ,,,,,,,,,1.00,,,,,,,,,,,,,,,
NC_000913,"996,768",SNP,G→A,ssuA,,,,,186346,S59S (TCC→TCT) ,,,,,,,,,1.00,,,,,,,,,,,,,,,
NC_000913,"1,728,882",SNP,A→C,rnt,,,,,186347,Q179P (CAG→CCG) ,,,,,,,,,1.00,,,,,,,,,,,,,,,
NC_000913,"2,725,518",INS,+C,kgtP,,,,,186348,coding (229/1299 nt),,,,,,,,,1.00,,,,,,,,,,,,,,,
NC_000913,"3,823,759",SNP,A→C,spoT,,,,,186349,N454H (AAT→CAT) ,,,,,,,,,1.00,,,,,,,,,,,,,,,
NC_000913,"2,725,643",DEL,Δ1 bp,kgtP,,,,,185070,coding (104/1299 nt),,,,1.00,1.00,1.00,,,,,,,,,,,,,,,,,,
NC_000913,"2,804,864",DEL,Δ13 bp,proV,,,,,185071,coding (50‑62/1203 nt),,,,1.00,,1.00,,,,,,,,,,,,,,,,1.00,1.00,
NC_000913,"3,377,491",MOB,IS2 (+) +5 bp,"sspA, rpsI",,,,,186352,intergenic (‑71/+320),,,,,,,,,,,,,,1.00,1.00,,,,,,,,,
NC_000913,"1,978,503",DEL,Δ776 bp,"insB1, insA",,,,,45297,,1.00,1.00,1.00,1.00,1.00,1.00,1.00,1.00,1.00,1.00,1.00,1.00,1.00,1.00,1.00,1.00,1.00,1.00,1.00,1.00,1.00,1.00,1.00,1.00
NC_000913,"4,181,852",SNP,A→C,rpoB,,,,,186354,K203T (AAA→ACA) ,,,,,,,,,,,,,1.00,1.00,1.00,,,,,,,,,
NC_000913,"4,451,123",SNP,C→A,ytfR,,,,,186355,V22V (GTC→GTA) ,,,,,,,,,,,,,1.00,1.00,1.00,,,,,,,,,
NC_000913,"1,198,505",INS,(AATGATGA)6→7,"ymfE, lit",,,,,186356,intergenic (‑268/‑190),,,,,,,,,,,,,,,,,,,,,,,,1.00
NC_000913,"303,121",DEL,Δ1 bp,yagU,,,,,186366,coding (131/615 nt),,,,,,,,,,,,,1.00,,,,,,,,,,,
NC_000913,"1,907,448",MOB,IS5 (–) +4 bp,yobF,(phenotype; Not classified),(DUF2527 family heat-induced protein),(),(GO:0005737 - cytoplasm),26323,coding (141‑144/144 nt),,,,,,,,,,,,,,,,,,,,,,,,1.00
NC_000913,"2,927,703",SNP,G→A,"ygdH, sdaC",,,,,186359,intergenic (+31/‑526),,,,,,,,,,,,,,,,,,,,,,,,1.00
NC_000913,"2,805,532",INS,+T,proV,,,,,186360,coding (718/1203 nt),,,1.00,,,,,,,,,,,,,,,,,,,,,
NC_000913,"3,328,463",MOB,IS4 (–) +11 bp,greA,,,,,186361,coding (243‑253/477 nt),,,1.00,,,,,,,,,,,,,,,,,,,,,
NC_000913,"3,377,241",INS,(AGCTCACGATCCACCAGGGTC)1→2,sspA,,,,,186362,coding (180/639 nt),,,1.00,,,,,,,,,,,,,,,,,,,,,
NC_000913,"3,522,182",SNP,C→A,hofM,,,,,186363,T190T (ACG→ACT) ,,,1.00,,,,,,,,,,,,,,,,,,,,,
NC_000913,"3,751,884",MOB,IS5 (+) +4 bp,"yiaT, yiaU",,,,,186364,intergenic (‑16/‑105),,,1.00,,,,,,,,,,,,,,,,,,,,,
NC_000913,"3,931,183",INS,(G)7→8,"ravA, kup",,,,,45310,intergenic (‑90/‑133),,,,,,,,,,,,,,,,,,,,,1.00,,,
NC_000913,"3,377,359",DEL,Δ18 bp,sspA,,,,,186367,coding (45‑62/639 nt),,,,,,,,,,,,,1.00,,,,,,,,,,,
